x1,x2,x3,x4,x5,x6,y
-0.024443816512169703,-1.0,-0.8789192256650434,-0.25064426160780073,1.0,1.0,2.541522271149596
-1.0,-1.0,-0.7641241707801962,-0.7008258715441933,-0.7130288613183684,-0.964221245549997,1.8926459128272266
0.8940572226161518,-0.6614152540305199,-1.0,0.18649377791820532,1.0,0.0035469765950000703,-3.230891461320866
0.960695872977674,1.0,0.5599035135486423,0.7000831026018968,0.7879628008973178,0.9960334644570066,-2.4879925530686626
-0.795962553768353,-0.9757119488258051,0.878856923332221,0.3927060735920387,1.0,-0.6986728599472696,4.767778745186944
1.0,0.1928428977166774,1.0,0.011783385678072467,-0.08185381864410718,-0.22298238930927078,1.3863423366853258
-0.3049968997598147,1.0,-1.0,-0.652516010410886,-0.3962330868609711,-0.27896689563977084,0.6139143953107024
-0.3479519892376508,-0.036122007786564936,-1.0,-0.024368264118131644,0.2659846461175702,-0.09199309137306039,0.8511931098518364
-1.0,-1.0,-0.4659330740187463,-1.0,-1.0,0.25011316259262767,0.005126503545656025
-0.9448602326567259,0.21734607936996497,-0.8135701833166352,0.7688561576580342,-0.29596324051708384,-0.36206300749514103,-0.05661726383227028
-0.9951146771187942,0.6306539257332194,-1.0,-0.9810816152093843,-0.6687125929655832,1.0,9.425510001863435
-0.7440323142249123,0.2500152494471264,-0.4762400549555421,-1.0,1.0,1.0,9.485614103523853
1.0,-0.0004935037733561076,0.1591753303612664,0.6369165966601321,-1.0,-0.25851582070901025,3.941713721711863
-0.25794537297118736,-1.0,-1.0,-0.6691700022544542,-0.5361377042599613,-1.0,2.5599439365617047
-0.898250986450391,-0.9752674986324112,0.1681260382516984,0.2794732471386049,-1.0,-0.6862554143348303,0.8354642503913312
-1.0,-1.0,-1.0,-0.9567613575099299,-1.0,-0.8921325725697974,3.7444916543478355
0.31815995814365605,-1.0,0.2723952419779122,-0.6441891650680307,-0.8579119225704517,-0.7794089413200334,7.371746901451091
0.0047246771898474815,-0.2789912032012516,-0.30178035751542626,1.0,1.0,0.7239955538176535,2.1335317267737293
-0.3569000544647978,-0.4409348762863357,-0.058248215267082015,-0.4622203765722743,0.05594562580926887,1.0,1.5435162952646106
-0.07890678770672743,-0.9444442407035292,0.40355595529266886,-1.0,0.727009895493455,1.0,-0.5426284211282385
0.9170245999690603,-0.7854769546380681,-1.0,-0.11308924439261692,0.3773530148892218,0.17226195018807355,-2.5544370146681032
-0.10158324364010296,-0.25321746184113236,-1.0,-1.0,-1.0,-1.0,2.6847512782319805
-0.2400645794165156,1.0,0.4793017284698331,0.5912513650866146,1.0,1.0,3.320867824872899
-0.8980866737199105,-0.6984731286877304,-0.9518067435689403,-0.6142022335214123,-0.8990551938705663,0.02053515541957185,-3.4241881404006254
-0.4279018470660072,0.233089333931622,-0.761826077698769,0.05325561759256703,-1.0,0.3401497933975782,-0.7591255098835317
-0.627113335433378,0.08670937500833709,-1.0,-0.3032598311511651,0.7721148517397468,1.0,9.424880677456065
0.22266285086975213,0.7841821298094536,-0.05844407876587088,0.7962131939922317,-0.25692034483185966,-0.28153794628824214,0.8544333867086816
0.23172626700644025,0.6684685908952016,-0.2228886145108832,-0.21777093289645594,-0.3214920686171209,-0.27846424455380414,0.6525256040070692
0.16342100683001543,1.0,-0.6757152658797664,-1.0,-0.043570914699028185,0.8232873679397252,7.463568996679213
-0.5994866345043268,0.4394924461958035,-1.0,-1.0,0.49009652017836397,-0.5257145491777756,-0.38329000180969197
0.5676023522774774,-0.24051225705643914,0.304655151186652,1.0,1.0,1.0,2.1636143666555334
1.0,1.0,0.7880193121618051,1.0,-0.7961938596412111,-1.0,8.654196567906967
-1.0,-0.23013219361986603,-1.0,-1.0,-0.007871830697849136,-0.13674918936141278,-1.4224961327262657
-0.0118973545206853,1.0,1.0,0.6836599725252366,0.3794931055039483,-1.0,-1.5959947370469862
0.575606048003423,0.2656337606655568,1.0,0.247820876637733,-1.0,0.03272589309001028,2.0925168447198983
1.0,0.6051596874545819,0.09342762897008616,0.5450716639291826,0.5427706644306172,-0.8837742922571392,1.2022467140239212
-0.8023160540453427,0.5355949465388848,0.7247589411397941,0.2535921468968694,-0.0752774846206214,0.7572573996744852,-0.31154012340060233
0.2984703308153509,-0.41824127794776633,-0.0759784322775432,-0.2131705944565565,-0.38841863901561546,-0.0029280352116276553,0.850937127196381
-0.03818799963122968,0.7784164010370127,-0.7993423553685663,-1.0,-0.8697681473442127,-0.30184290506373956,1.5860544629012487
-0.5185478227322089,-0.8704997979390854,-0.9553004329215011,-0.3458869202228888,-1.0,-1.0,1.835500157431222
0.352832935223264,0.2172760277049846,0.5179430356749766,0.6123886789737067,0.4511428013479948,-1.0,2.675955454560237
-0.019727067810380028,0.6096811854026032,0.94415935730971,1.0,-1.0,0.6825931442192432,-2.53396608426016
1.0,1.0,0.9177315072577914,1.0,0.2279946304831698,-0.5942164793286996,-0.29736508938556006
-1.0,-1.0,0.16219611593987038,-1.0,-0.0018390186769461636,-0.21095439374447555,0.25974615063405915
1.0,1.0,0.02561195601191546,0.47769895553806996,-0.716634194498024,0.8587847206307042,4.886870167926049
-0.2870396309138997,-0.17014777509337456,0.24333405743383552,-1.0,-1.0,-0.9893499049242445,2.448886304764627
-1.0,-1.0,-1.0,-0.16075285201091405,-0.2606497334795983,-0.29036172189383125,-4.296191504729599
-0.7461124579181532,-0.12587825881513948,-0.6223345047681383,-1.0,0.81306211156152,0.9479190733548998,5.822589228967914
0.641886082532019,1.0,1.0,1.0,-1.0,-1.0,5.132067329325323
-1.0,-0.06824323716251768,-0.8614370604564376,-0.9466263110459276,-0.8928035383439777,0.4634361288614983,-1.5840584356052727
-0.04455644892548449,-1.0,0.7338649966725118,-0.5220976902759605,-0.5575099426626973,-0.4475486277490264,5.657146982272299
0.3674396796108813,-0.4058795680268661,-0.32818343011730056,-0.30915151047091555,-0.26693961062511096,-0.6337748046488774,1.7560433987959305
-0.8688651940615715,-0.5766031713769082,0.04275606434135311,-1.0,0.27228017629574475,0.9010342150280541,-0.17318715937091939
1.0,0.808982487818103,1.0,-0.7022938107174802,0.6104594536270147,1.0,-2.722308335116705
0.7455146104217532,0.948951710508231,0.1728090321321556,1.0,0.31727492418833614,1.0,0.5844939633445333
0.08317831114055918,-1.0,-0.3172180601920459,-1.0,0.8686784667670362,0.17223587235422402,-0.5992181321775469
1.0,1.0,0.6109101494876947,0.3125383840076107,1.0,0.48652195398322196,-4.256894856733547
0.2346043221611166,-0.405006382563308,-1.0,-0.6310828128326815,-0.8365532783105507,0.1487957961621949,0.47479225717875384
0.6634051012198402,-0.18460214675042477,0.0366075115307212,0.08362905963225312,1.0,0.3880656790618242,-1.2568663374071964
1.0,0.11050374506149832,-0.47914476994863364,1.0,1.0,0.8153791740168252,-0.46864929318521636
-1.0,0.011886495349172799,-0.6304289094177742,0.11231344864861437,-0.17348202079764646,0.5573942207354753,1.7777173358718295
0.4426813335613944,1.0,0.41011653276452287,1.0,-0.046635931395694774,-0.9406959589527575,2.207861106825451
1.0,0.8558870670347882,1.0,0.6231247665661597,-1.0,-0.12357140925209659,5.252657715691915
-1.0,-0.7946086365010614,-0.3209687290015072,-0.06904996610939129,-1.0,-0.39457093702621915,-1.1200305290462214
-1.0,-1.0,-1.0,-0.5763138073716216,-1.0,0.5559350825662973,-3.942839226429773
1.0,-0.5533253807950582,0.9049090295234319,0.10227818274000464,-0.41911279423190506,-1.0,7.291546432033859
-0.5156019890690706,-1.0,0.7273085407284117,0.590839405958272,-1.0,-0.5993973855425404,1.7987394087486015
1.0,1.0,1.0,0.45252128283308,-0.6520987553558222,-0.48434324659129496,2.0822453427290872
-1.0,-0.06423618291605704,-0.11690151145630912,-0.13585409015135474,1.0,-0.23401685028836888,2.917939964341234
-1.0,-1.0,-0.6492854903216387,-1.0,0.069747564900556,0.9220543808324978,-3.9898345882221586
1.0,-0.7122160660035038,1.0,0.47991120076800853,0.25267034966371416,0.6045604374719434,-1.4752626763385508
0.9128359820113615,-0.8477036625616741,-0.35094821020276323,-0.2644884143932721,1.0,0.17292285948321862,-3.3198527133774864
-0.44876693596291206,-1.0,-1.0,-0.7461725390722636,1.0,0.1709287806593867,-4.159564711808735
1.0,0.8218527297322692,0.6090031959035527,-0.7430460805882527,0.3615607945334658,0.8696271443511508,-0.4645348940402244
0.10691606403396775,0.4893712202012235,1.0,0.15020659528283464,-1.0,0.5844318119277824,-1.394482015324769
0.6340956493870785,-0.47433564835061404,-1.0,-0.21445047609334222,0.9407267083671389,-0.7724753981884747,-1.2034278344643918
1.0,-0.24415278517343686,0.24834880660762892,0.1575358023753195,-0.3244015250018656,-0.8636648626179338,5.412790650506015
1.0,-0.3706276419665693,-0.27923534997743926,-0.1514315263121117,0.5049396610895434,0.5849621936331736,-0.9386041749352556
-0.48998831082258754,-0.6274090500628713,-0.6413758372425324,0.9232736808083074,0.1165396700628254,1.0,4.229359403675262
-0.10068670012845482,-1.0,-1.0,-0.14379801535855719,0.7881250416771635,1.0,2.893177420269211
0.03543727396228419,-0.2887367654452286,-0.8536959678601614,0.9032767982514713,-0.11084548574897557,-1.0,1.9281428021927027
-0.6438631457832071,-0.5405328357582722,-0.6866234989830764,-1.0,0.40454366866333835,1.0,1.7071792835188802
1.0,0.5808873420830294,-0.22352565287970777,0.8009964898477697,0.5831350171652414,-0.3363267660914977,-0.7893887421055128
1.0,1.0,0.39112794475543056,0.103826903495855,0.7158042286570636,-0.8494665347476253,-1.313865132159648
-0.8830472030888971,-0.3142405325620248,-1.0,-0.8584246764938461,1.0,0.658167912031351,1.3496763914419694
-0.847651656414735,-0.0783512162997464,0.04273235706580958,0.5920679043417918,-0.42676591290901333,0.05000771465515563,-0.4026618168225964
0.9347314642935258,1.0,0.8147510881454287,0.011325399996370278,0.633315799875156,0.5095786638523423,-4.381834933287184
-1.0,-0.7406907130322673,-0.15231660770866018,-0.27866516342884623,0.6505233495606987,1.0,3.03876694694038
-1.0,-1.0,-0.0014987968599244894,-0.9262799967998037,-1.0,-1.0,4.922466452381759
0.05142007205891308,1.0,0.3371047305362247,0.9594107575934381,1.0,1.0,1.8261783307650288
-1.0,-0.9925816530796614,-0.5364914397759757,-0.8692416698143541,1.0,1.0,0.8090083220882122
-0.9727664789018686,-0.07286827357127623,-1.0,-1.0,0.3331427371305997,0.864491608335396,4.113968916530783
0.698853502196989,0.29654599326502584,-0.48049623916380546,1.0,-1.0,-0.5621957328907847,3.1920431604917043
-1.0,-0.9654513465378194,-0.2510826048038379,0.16830321306033197,1.0,0.3046772125016961,1.9564037240667442
-0.38135004860681054,-0.5893521133794516,0.3088654715484114,0.2694286034132501,1.0,-0.31153847908170645,0.844659660280382
-1.0,-1.0,-0.9368442285573239,-1.0,-1.0,-1.0,4.385938579390696
-1.0,-1.0,-0.4393281148004846,-0.39623740668051544,-0.2462476523392736,-1.0,3.2317477312210103
0.6497190642393422,-1.0,1.0,0.06771681555146372,1.0,1.0,-4.556529879061756
-1.0,-0.44951886926356543,-0.946732171040547,-1.0,1.0,0.5776298818003801,1.2650668546985888
0.7723097294638892,-0.09658193819792671,0.5384537434065444,0.6373063439454005,0.9409974613801428,1.0,0.15039870773023142
-0.15941686187180226,-0.6891375406830038,-0.6851977498173774,-0.4894866633485692,-1.0,-0.774626527103003,1.2658186070156512
-0.5738842775348743,-0.7636345761128016,-0.8818143758819191,-0.34001958183929304,-1.0,-0.059044932758888,-2.099460607900347
-0.3902333648378973,-1.0,0.8352811630551896,-0.29265594213459906,-1.0,-1.0,5.5886644899039455
0.3447711900598117,1.0,-0.2980596059143464,0.5204548015619423,1.0,-0.0014612267945848245,1.7108984081149525
-0.2510566655679378,-0.4163848623041001,-0.09469658908852663,-0.7096931272448008,-0.3592445691602535,-0.8053044048957209,1.863145037329759
0.5610377040664156,0.06877730070168142,1.0,0.40278983731750007,0.3012361705634943,0.7022932519868621,-3.056945540156888
-0.5950128350305242,0.6885678099648256,0.04315601474071373,0.8766240191525456,-1.0,-1.0,1.596120975517145
0.48927216324762224,-0.22010543813693872,-1.0,0.4886236571637044,-0.8371832878861653,1.0,7.433414207738934
0.1213236242489073,0.3073429820965803,1.0,0.3040446782299255,-0.44613870875170814,-0.35964716038188205,1.4651806028695817
0.8629423023952097,-0.03833217216686213,-0.43738980686695517,0.6233105468059162,0.13709080650030883,-0.6919889708726765,0.7067919667885998
-0.4149790680254385,1.0,0.28352686083127054,0.5426680943989274,-0.18558944140978817,-1.0,2.094574934409664
1.0,1.0,0.16103526841378313,0.7135574844870829,-0.2599765843980363,-0.3939239425952904,2.7109001095551637
-0.4782079003925789,-0.9158108644089913,-0.04321524926479986,-0.9475635243094891,-0.7259075300125157,-0.1247793824456942,1.504027116197416
-0.544238586800717,0.3202633668473442,0.05599467318398832,-0.30299959021368544,0.2454356585566002,1.0,2.5238224086658665
-1.0,-0.015696344100045168,-1.0,0.48829876322246496,-1.0,-0.3814953114590416,-3.863964331101054
0.16767332244862987,0.6381241672091014,0.03847217889121707,0.3054453646559788,-1.0,-1.0,1.5112781625639773
1.0,-0.33172567699121147,1.0,0.9193700886795757,0.5378610086611761,-0.15408648021369983,-1.637462224137161
-0.28084454272312054,-0.6914924733502545,0.5569123041764633,-0.07003519609643899,-0.5018291103931263,1.0,0.0966268241934839
-0.4480460343092488,1.0,-0.20963053091908695,0.6731987832714446,-0.9480075336001724,-0.35994777667619504,0.24632505869149693
-0.0205365018507363,1.0,-0.01173378774089584,0.7926137743224377,-0.37372728215367923,-0.3384872293859251,0.6800431928226304
0.2572418306030745,0.7939977444702253,-0.5555465861095398,0.07146296995152701,-0.8496772304737161,-0.5909397315851016,-0.10563581061696603
-0.08479991801384584,-0.05673896423107444,-0.4474753827057041,0.41620511350055667,-0.977382482812498,0.2609672975758258,0.12687193085414616
-0.9222115224925458,-1.0,-0.707940976776207,-1.0,-0.7798490751605323,0.2355009101719691,-2.2505538177313573
-0.7074618116625784,-1.0,-0.7482944758371323,-1.0,-1.0,-1.0,4.511236678120806
-0.6938182164632771,0.46963290516061373,-0.8543115735000164,0.6225845213295613,-1.0,0.07048087809992315,-1.400938210321769
0.15320386943549164,-0.13494751525387605,0.3461443748220134,-0.1436509233045013,-0.6445369441365687,0.5236921134438206,0.8002815915268802
-0.37867888317961174,-1.0,-1.0,-1.0,1.0,0.1340390388417172,-5.92568091808896
-0.6028102128041348,-0.29478509643496875,-0.7245923797104623,-0.6075355826723232,0.9558045244304784,-0.19761749325131794,1.1991571143451574
0.6643413018167355,0.6806064274173464,-0.13155563841993467,1.0,-1.0,0.8959316107146914,6.229296764116579
1.0,0.3298178712918609,-0.15869975521535995,-0.46122496534822116,-0.24328360345967623,-0.3236480836382699,-0.1321817534187557
1.0,0.5688227524464766,1.0,0.4807456792024096,-0.8308514413978273,0.7333672892679425,2.4238631492111624
0.6333627138356499,-0.8993196299039005,1.0,-0.36980121791612475,0.004947126109830835,-0.4308440325288081,3.835247318884684
0.021456506517174345,-0.9846575441026839,-0.09538976880438288,0.4146865318290273,0.05517567248111932,0.5774748493287075,-0.24153821914364088
-0.5868878228314144,0.22245758035261515,0.23593247734923217,-0.6809876459145932,-0.43239221883378853,-1.0,1.377313016047175
1.0,0.47128611024283695,-0.7497512065039492,0.1492571424623948,0.6760224289323186,-1.0,-2.619254554689906
0.0692523652337155,-0.8247678951470654,-0.06648985332479901,-0.8883395585145468,-1.0,-0.2542160885440927,3.819597024789065
-0.42598385111740794,-1.0,-0.9467474497698024,0.08396218675579321,1.0,0.22412569252179737,-2.067592822771304
-1.0,-1.0,1.0,-1.0,1.0,1.0,-3.7685697689934505
1.0,1.0,0.6137509802056882,0.7537431557710829,-0.04009678866952887,-0.41079598979894316,0.983266914764058
0.032753970274867594,-0.002294371628394465,0.4660508553152958,0.3871558829686805,-0.1704890108702968,-0.3949087490354061,0.14466183678045036
-1.0,-1.0,-0.2345399610869128,-0.2676404791305836,0.3278928962223764,0.36347442081660786,-0.37822453311669374
0.31610182164885703,-0.03214188095067194,1.0,0.32849176113683487,-0.5523521712412462,-0.9560418284587142,2.2364937865573795
-0.009429198754558832,-0.586704092943634,-0.1707737786895322,0.7174781052251348,0.12732864295052415,0.07068383671452463,-0.7225278127202905
-1.0,-1.0,-1.0,-0.2038340341466729,-0.4358177390699851,-1.0,2.5207731320993574
1.0,1.0,0.7792995145107859,0.4833815622948963,-0.13220990622724804,0.3923117362848541,-2.4804268995109204
-0.25329154363862827,-0.17859453171413286,-0.786732614393627,-1.0,-0.024204420591165787,-1.0,2.357764636165554
1.0,1.0,1.0,1.0,-0.13345280474087112,1.0,-3.7250592358006527
0.5014148994768107,0.2675091374711739,-0.33324130399735385,0.07676809796873235,0.5119933956288819,-1.0,1.1003872940684898
0.6518336413135501,-0.4124830328366897,0.0519951209861476,0.9092765694781378,1.0,0.37191900721542304,-1.6090914989267273
-1.0,-0.007426519957184352,-0.993623604465905,-1.0,-1.0,-1.0,1.8859684459782229
1.0,0.7050045821488942,1.0,1.0,1.0,1.0,-8.517683443287666
-0.39858577494411973,1.0,1.0,1.0,-0.3669579657879117,-0.02806114376232366,-3.396669926848568
1.0,1.0,0.22498951624084534,1.0,-0.019073203753154577,-1.0,6.997484668417201
-0.4389284477940407,-0.926071535696211,-1.0,-1.0,-0.30227343138186336,-0.14427173102241042,-2.9085256776080852
-0.12434439830277866,-0.9325894525873147,0.36629215027795237,0.57337839295429,1.0,0.12292493150944123,0.4808511597602147
-0.1847910557594511,-1.0,-0.7588628783165905,-0.6114291134488667,-1.0,-0.3657078860641154,-0.07744837538934823
-1.0,-0.3352195037870407,-0.7860352310468521,-0.9041763057191263,1.0,-1.0,6.197831645553453
1.0,1.0,1.0,0.11016492361514962,-1.0,-0.14172875020675224,1.4697982850726348
-1.0,0.8370679306044827,-1.0,-0.19961775878780955,-0.107576567563128,-0.1857633249382754,1.944013731597825
0.8125412154787346,1.0,1.0,0.46145442373442735,1.0,0.7672876273542674,-6.179377672581726
-1.0,-0.06120655505362238,-0.36746985699893775,-0.5764849396700306,1.0,1.0,5.838948943403479
1.0,0.4178041659524543,0.12534469224816314,0.8939519858377019,0.1897777248476048,-0.4351726969939208,1.0189924740505876
-0.7024886146792105,-1.0,-1.0,-0.37280427653477954,-1.0,0.1613649111498776,-3.964435766588787
0.013911200659124379,-1.0,-0.9396276164006563,-1.0,-0.10537473743661341,0.7410081051881854,-2.130774015762115
-1.0,-0.687450882762343,0.5679886796922275,1.0,-0.1594905713971378,1.0,-1.7019482216821038
-0.9726120947278224,-0.2992327289150787,-1.0,-0.08294770967975512,-0.7051524487302467,-1.0,3.711421953601026
0.18789991555259666,-0.5717077489092532,-1.0,-1.0,0.44901958030646516,0.3473757376906984,-2.5094977538158187
0.23350277935374053,1.0,1.0,0.7655846064887297,-1.0,-1.0,1.1948342304025077
-1.0,-1.0,-1.0,-1.0,-0.6530002520840592,0.675527400958585,-3.0007856032632274
0.18449934644908195,0.702043943281498,0.8333794711870898,-0.48456696943259286,0.39251982805336727,0.33730460703012044,-0.8464284541183053
-1.0,-0.12419664292196941,-1.0,-0.4577384580759529,0.5957617583005377,0.7756816987730664,4.61977891749155
-0.1581103645445351,-1.0,-0.9298617779602318,-0.5311865389228301,0.5103354287050161,-0.010917162273882064,-3.4939181777886734
-0.5302474377543575,-1.0,-1.0,0.09445543203059481,1.0,0.9362862559159334,3.3634683338258453
-1.0,-0.5434559303384157,-0.571379694911933,-0.2104507654364174,-1.0,0.7312544274909758,-1.307084906232646
-0.26110724744512837,-1.0,-1.0,-0.8698969800642624,1.0,0.5528216223132958,-4.8102098680480445
-0.6553319432482161,-0.6318668828627698,-0.16739884468985194,0.08141513181891169,0.4466441681019294,-1.0,4.282706452667621
1.0,0.4616777279865176,0.5343881463187965,1.0,-0.42696083760428305,0.4005403788726516,1.3687520810113387
0.6514927051592798,0.6785235193523546,-0.22493207524721276,1.0,0.06642073556144945,-1.0,3.7066690057687017
0.11479199816937613,0.697996646442419,-0.18391611426116905,0.04982168431644607,-0.427609397572445,-0.11489496064714955,0.19459872683961207
0.34628186927783644,0.15839849533284944,0.5506777904772645,0.9359111560748854,0.9535564108544647,-1.0,-0.08067592975519366
1.0,0.5855683400414862,1.0,1.0,0.9764128465389433,0.9752419280575253,-7.6352641506074805
1.0,-0.8243579761950305,1.0,1.0,1.0,0.9466323031949444,-4.335506188193789
-0.5396386881563349,-1.0,0.04573084762298893,-1.0,0.5569855520712482,-1.0,6.9642557216667305
-0.07360051556093619,1.0,0.07730643968940135,1.0,-0.39858837915432,0.6461976036835371,1.6021210513040127
1.0,0.6259334036493958,0.6509477484502681,1.0,-0.09448310867553306,-0.6658342652111727,2.5107963652933543
1.0,0.6571889040509037,0.0029513875560679415,0.8236042013301581,-0.6738888208789847,0.19439171748531858,3.0021198356225955
0.5206678357720441,-0.27100410622163773,-1.0,-0.1446596193987577,-0.7670042951130347,-0.09926062044794881,0.7719889560196831
1.0,-1.0,0.09241066802475448,-1.0,0.2665172834548122,1.0,-0.5980665685771159
0.543421463605853,0.3205509087023908,0.9663945831302526,1.0,-1.0,0.06573434688259985,0.7409250479031149
0.8441806737030288,1.0,1.0,1.0,-0.16480274658246852,0.12040911912730062,-1.9796587241798491
0.6049290085154955,-0.12855904649327987,0.06593363406742525,0.9004374676407713,-1.0,-0.6596144679101897,3.758277421441403
1.0,0.1983722390658047,1.0,0.6631286006577506,0.19749534454724088,-0.9968631862531241,2.2425518659468135
0.04517150678332421,-0.903629885561458,-0.5888579309493487,-0.28704999706443235,0.5103351226021349,-1.0,2.095564089818347
-0.09033975556180995,0.4853700709275194,1.0,-0.14924382198206543,-0.11650321960466525,-0.46882549923940253,1.2349911263126914
-0.2158034658726128,0.7101816547831579,-0.17855696994064923,1.0,0.01222104981816452,0.9269607919969913,1.6463189571101444
0.5306060384683031,0.5498347389048188,0.6227862839029146,-1.0,-0.2296488852299851,0.49929820764902816,0.9798446250200197
1.0,1.0,1.0,0.3858508259007582,-0.9684827990518718,-0.6011156357142131,4.055678473980004
0.920127185442759,0.47809858846202724,0.7960432265400305,1.0,-0.39146597959781637,-1.0,6.446945858856418
1.0,1.0,1.0,1.0,1.0,-0.16925954021778034,-7.550849260240784
0.29836284107000133,-1.0,-0.3082826265738188,-0.8101507644265664,-0.7577480466524261,-0.6215542813117534,4.070553260797414
0.17126078932118083,0.20653202402405335,1.0,1.0,-1.0,0.08552783647063067,-0.9852956183656341
1.0,1.0,0.3857269020731183,0.5450347989604343,-0.8744055332085532,-0.1859138646603838,2.866139079169503
1.0,1.0,1.0,1.0,0.6071411781251188,-1.0,-2.6396869996402708
-0.6405799377057358,0.8965970927881207,0.30783974344980286,-0.2582843875490936,-1.0,0.30999946067075324,-0.7696437144652278
-1.0,-0.16006200033682738,-1.0,-0.899652277697746,0.08066255802494793,-0.8890721005463474,2.9280981381647098
-0.7907408638427119,-0.7576440172047543,0.9778229103470282,-0.5212758572817529,0.5503827780193133,-1.0,6.051329985813117
0.6672683241147747,-0.7516426588897938,-0.6550426613839875,-0.030224691759537514,1.0,-0.049791962855531224,-3.0822692708479944
-1.0,-1.0,-1.0,-0.7696171275020638,0.9829386030897579,1.0,0.9252395682755213
0.1527504328715763,1.0,1.0,0.3191878098845518,0.9482650807585107,1.0,-3.3877308566007374
-0.8588100894761151,0.5418960267157205,-1.0,0.9597500202143964,0.3786781646435309,1.0,7.042535674023337
-0.40049352977935426,-0.7378522275077968,1.0,0.35118609213810714,0.8961957100778711,0.26034525421201304,0.1791250162005261
-0.21234397792815995,0.03844979083560643,-1.0,0.20171283649010763,1.0,0.4577949825717066,2.3238950734848327
1.0,0.9777237870771076,0.04297254278627238,1.0,1.0,-0.6182581216754679,-0.19746082773178425
0.13934853772475608,0.32166066015700334,1.0,0.18741015805524586,0.1831107301926046,-0.06110714114699212,0.23781015471453676
-1.0,-1.0,-0.34634073837285206,-1.0,-0.8901586879894372,-0.24542348020848148,2.173215454821796
-0.8705818897484134,-1.0,-1.0,-0.8156979406541776,-1.0,-0.6986613018759488,0.3577761457252664
0.0522508662807097,0.5173878567458985,-0.5097087306165111,-0.7873554373066679,-0.627191049356814,-1.0,0.3286176560397019
-1.0,-0.10796930694229723,0.7449830274268255,-0.4647474552721569,-0.8718602825584185,-1.0,-0.7271300066943176
-0.23522365861754374,1.0,1.0,-0.0004566799279628886,-1.0,-0.0471798080360932,-3.9227931139559944
-0.5023414420680842,-0.9163215824912752,-0.8345216782574962,-0.5627677510793231,1.0,0.06883761227157685,-1.299659517158826
1.0,1.0,-0.3756967927322204,0.6585700450821164,0.4842108839029614,1.0,2.314655313644626
0.29472193637901667,-0.16040254754260475,1.0,-0.2909267200265949,-1.0,0.07284064224078735,-1.1625841613852363
-0.1411244486611531,0.8786999677267231,-0.4746966787440749,1.0,-1.0,-1.0,4.154591409127938
-0.3066351816611227,-0.49128728578620184,-0.6864373769113826,-0.6514658620958445,-0.11390014249623825,-0.7425853277021095,1.4274125519272618
1.0,1.0,-0.69651399660502,1.0,-0.7165009443402078,-0.5217784960286195,7.183101269227246
1.0,0.4491176342355667,0.6936623002466362,1.0,0.184065657994386,1.0,-1.0211457511282709
1.0,0.16839119788450185,1.0,1.0,0.4511436173690848,0.6699743346393257,-4.814599617908797
-0.9115703403149007,-0.9633911501201373,-0.9966280441361328,0.20264924574888038,0.012678341553311712,0.5371889727893524,-1.2178467948305918
-0.8188528367827033,-0.1595724766266905,-1.0,-0.8352856746476238,0.43931609389605164,0.815613113452745,3.054125206357089
-0.31145605295434853,-1.0,-1.0,-1.0,-1.0,-0.7289766714716797,4.033182261550996
-1.0,0.2678558214281726,0.4407331345768853,0.3184971172777228,-1.0,-1.0,-0.6554681229338424
1.0,1.0,0.11819333933601417,0.7410898856813657,-0.25818670492982587,-0.4018922307967703,2.1385216648187013
-0.4618578395277031,-1.0,-1.0,0.48642615796653016,0.15466472662321284,-1.0,1.9029689776908667
-1.0,-1.0,-0.2515721797539814,-0.39342535016006386,0.39313325970669244,1.0,0.9958439282755254
0.5488643270484834,-0.317921912538046,-1.0,-0.30569643121949164,0.7977442007492777,0.8110523983904094,0.24475850839551083
-0.6197118000758655,-0.23658240259106433,-1.0,-0.034282856035090375,1.0,0.8469280446174453,4.9365315066866335
-1.0,-0.9882456975729867,-0.5859426874970826,-0.12928076509173114,-0.1337019543341199,0.8093422340344564,0.032622796270762366
-0.30471032076515847,0.28870753341679906,1.0,-0.21637374556500855,-0.8512341644912944,-1.0,-0.6254866005889703
-0.24302063771494709,0.2117421474520983,0.6222130948935471,0.5073762551790455,-1.0,-1.0,1.654110406677489
-0.8587185100700105,-0.3363822435796924,-0.4631684615405911,-0.16202504368743043,-1.0,-0.4424091498901835,-2.338335875476291
1.0,1.0,1.0,0.35211731288574466,0.5622300589957134,-1.0,-2.8141793097342456
-1.0,-1.0,-0.8464572200783225,0.06375239537215827,-0.5788222671557712,-0.037266088788299845,-4.036513710192643
-0.45215715744781176,0.26306084327860274,-0.37324587005845095,-1.0,-1.0,0.599741051367398,1.9509429114865577
-0.47982994334541185,-0.7981666138123447,-0.26973994383628996,-1.0,-0.9205119115921597,-0.4556228687811778,2.298526989611114
-1.0,-0.5156049224875607,1.0,0.5016629806453885,0.20131867105925066,0.14852999466962558,-0.7747535343333116
0.8347868657993034,0.15713381313158958,1.0,0.8769221023037433,-0.2974245905074141,1.0,-2.542159087447425
0.34393163852843545,1.0,1.0,1.0,0.17561479230818644,0.8716215681362018,-7.275547346367828
-0.4568998896792307,-0.41492993710262027,0.14272901770045254,-1.0,-0.16915622541596775,-0.24450749571882802,-0.4655037845565355
-0.4329728735267844,0.09167348923429147,0.07477388693321363,-0.3376339900161054,1.0,0.8304848685892103,3.083372096964639
-0.07129845431883641,-1.0,-0.131642944805201,-1.0,-0.9812338689959216,-0.9119616439864062,8.833637890772252
0.17037983529359635,0.668567539741959,1.0,1.0,0.32322144148487697,-0.604132204873861,-1.0515582492987443
-1.0,-1.0,0.28269981260322274,-0.7200901927879759,-0.5609189192540567,-1.0,4.197410792996895
1.0,1.0,0.9743152483917226,0.18621675121490822,-0.04942696282474901,-0.6790228787884807,-0.3603801164499421
1.0,0.044397263752980365,0.18632139417869678,0.14737006398036281,0.9569335845351595,-0.6668087145250957,-1.470204259071061
1.0,0.22834873334440098,0.6945113618428702,0.9038315453079282,-0.0810125700468789,-1.0,5.134331772258711
-0.19635102853545516,0.8733050862297086,0.8115297643664998,0.7054886779581283,-0.5775894054752204,0.22432976539981514,-2.0103866040003684
0.3595712214994482,-1.0,-0.41198805825529855,-0.23861549081597017,0.051661542859342546,1.0,0.9427875011443878
-1.0,-0.44579852797768865,-1.0,-0.38014687603746655,-0.34578934099835934,-0.3689786616601627,-1.2863021645442279
0.6309807142618873,0.5345261696731562,1.0,1.0,1.0,0.3277990137099833,-4.874856177585076
1.0,1.0,1.0,0.3400818770941485,0.18029607720644225,-1.0,0.3515560255442166
0.03905118401413028,-0.6066598214256124,-0.5970305060991268,-0.6541300239274114,-0.6301216867215131,0.08292339311126423,0.3797487022932107
-0.5393484974940753,0.6534897253555673,0.25493724748767344,-0.29780158427007875,-0.15159511050991648,-0.0971971749720083,-0.2708985263229369
-0.13353647187057238,1.0,1.0,1.0,-0.6971721490349256,0.17413514222367485,-3.400216286759026
-0.330299950242372,-1.0,-1.0,-0.7336981348146117,0.9143304725275047,1.0,1.1428679866175704
0.7023155762042232,0.2216655272310889,0.23751914261975438,-1.0,-1.0,0.8520225082085293,7.58333811762249
-0.4620147234660752,-1.0,0.0953985779554728,-0.4333445183294429,1.0,1.0,3.614292030145262
-0.700681407516934,-0.12541044205247875,-0.27623157152703204,-0.5751233184224676,1.0,1.0,4.988950394688621
-0.17730803430285688,-0.7260683723623184,0.673360493323676,-1.0,-0.15034723347525153,0.5976621006489468,-1.7523349234097154
-0.6239158495356641,-0.1653638463383478,-1.0,-0.494806659531284,0.4665270548567351,0.5917297774649396,2.9566756890206087
-0.4279540940648273,-0.18342525516537522,-1.0,0.3791896882865751,0.25367036918633934,-0.2834651726200918,-0.3691327246384789
0.42142572692447505,-0.22197959289611607,0.363309956631404,-0.18859946780755932,-0.7291469513971723,-0.037187267048329975,0.9988427519116765
0.8320932176595675,-0.25825939712312285,-0.01861013533785591,-0.1721224407438281,1.0,1.0,-0.013772116074325396
1.0,-0.8858793571909704,-1.0,-1.0,0.18029272309716343,0.0909832557049507,-1.5510089345341407
-0.013444639492338636,0.3763614866342926,-0.1472863840498112,0.6836936916671269,-0.36051315672889456,-0.14481985849860796,-0.028267330483248976
0.23756314570856302,1.0,-0.22841501596326735,1.0,-1.0,-0.545837615688501,4.7357485538005895
-0.8520505683664079,-1.0,1.0,-1.0,-1.0,-1.0,7.096991601817688
0.2041336937224263,-1.0,0.21480512119818357,0.16122732755066715,0.22502825288779807,1.0,1.8866746867165234
-1.0,-1.0,-1.0,-1.0,0.8306249097071252,0.558493816550101,-6.890448535036587
-0.495539108562022,0.39141610250853165,-1.0,-1.0,0.7187039754531943,0.7474597899534374,5.972330336803622
0.5520586238468068,-0.11303838095606811,-0.4133249993727289,-0.8108752941829867,-0.7372596783097882,0.6146021186026345,3.0150682340062134
1.0,0.3892791787257445,-0.21837895664313245,0.571920506649335,-1.0,-1.0,6.469852106900435
0.2745032447331942,0.8270321450193745,1.0,0.16920841766946748,-0.511455744193185,-0.07435843072350336,-1.5581408351206405
1.0,0.6139068824913716,0.9911006189447333,1.0,-1.0,-0.6862873363594564,8.175066255281566
0.24792964843001375,1.0,0.9849307119328512,1.0,-0.018732159547626748,0.8480620607615716,-5.657817692310439
0.31423504102687727,-0.9306800336525927,0.07606777094265249,0.5224685172436117,-0.7295933744828,0.17974867498155667,1.5384149154354383
-1.0,-0.6523399382775514,0.5525212889217671,-1.0,-0.6034528290048049,0.8998080153590532,-3.4893057863339476
0.9373785418717664,0.7133294409893394,0.2875524428428953,1.0,-0.5203603271929846,-0.7356968189109868,5.793583650811175
1.0,-0.11304110935567147,0.39482465583516296,-0.2564120764104735,0.7509671447243506,0.9899436415150772,-1.5550690561065232
-0.5530637075808731,-0.6878953670044867,-0.14767051292072203,-0.27008164085036107,-1.0,-1.0,1.0332743626063392
-0.22378655517186963,-0.1099088251469997,0.18488456014866145,0.5737180021827498,-0.1625244964005641,0.23552572216707657,0.18525210767434366
1.0,1.0,1.0,1.0,-0.9255578059871491,-0.9982096105389392,8.318038080253581
0.5370008958719816,1.0,0.7678382660415124,-0.13097850222873153,-1.0,-0.8724300377996449,1.1214727705966423
1.0,0.7710345593275221,0.12919366787362263,0.42240533000542624,1.0,0.2420387705011549,-2.1790464702617376
-0.5419885742243018,-0.5549652969739343,-0.6145758672316199,-0.5927072510988977,0.5388005672526237,0.8113735265414692,2.5680971712037546
0.5774317562836295,0.5124105793993282,0.7159502226444615,0.6289906676080925,0.5984422763521287,0.3066811739642352,-1.700943842771867
-1.0,-0.1769528301481773,-0.7780678616108883,-0.5830045799314931,-0.13777561487041412,-0.4242935894961988,0.47120286348483054
0.5063074288270537,0.709265054752396,-0.3525525269137485,-0.01676250272354929,0.35514675816011076,-1.0,1.5183575536844658
-0.2980580471222359,-0.3101257959388828,1.0,-0.42184547407773115,0.27812818039500625,0.08629339342066966,-0.22142105552119806
0.8665665504410538,1.0,0.2621626497346192,0.2934548218875064,0.29721441177104424,-0.7819626059471072,1.2972649228905038
0.7552577673282175,1.0,-0.00137399646907857,-1.0,-1.0,-0.28282549338954377,7.373513795908106
0.2453001710363943,0.5746011160264862,0.6562451393925153,0.5654493879303759,-1.0,-1.0,3.48264314138647
0.32878217494371476,0.5947586941816491,1.0,0.7380760092807012,-0.9150624766361793,-1.0,1.7719387626908014
-0.865353156156655,-0.04643669387818017,-1.0,-0.7317323243995413,0.11135004639994633,-0.45811357191557167,0.04762462524046998
1.0,1.0,1.0,1.0,-0.9203861544666014,-1.0,8.17267086995958
-0.22560785139627193,-0.9362762762737358,0.15326804682478046,-0.6164728899761955,-1.0,0.5627813983192593,2.0016458599057296
0.5643930546607338,0.5182947146457582,0.4599479963835994,0.02097261622595431,-0.4050105571130886,-1.0,3.762205622780489
1.0,0.7954457669995584,-0.9941079944215663,0.3392202685784521,-0.22152419432071058,0.25679779911957057,2.9523485411459256
1.0,0.1127472417352835,0.9686875785199296,1.0,-0.16614640263305144,0.724893087369243,-1.7100205519294827
0.39687726599226053,0.47518349711807506,-0.7006790882290107,-0.1819355833210507,0.26934773864366357,0.3244516022787969,0.14512903700018714
-0.07098919351241051,-0.14586972436320947,1.0,-0.25562122857420394,1.0,0.47382890034742187,-1.4864544955020706
0.060660646485382386,0.4673209308019958,-0.7686581151558705,-0.7443119834723233,-1.0,-0.08619920777761214,0.21688686045810263
-1.0,-1.0,-0.046217951597595563,-0.09207949173345226,-0.6114135262814776,-0.00809668214699455,-1.5482808119927087
-0.5141258620992626,0.49323396427704785,0.4041591692639223,0.5019575185196117,-1.0,-0.2924854310425118,-1.8557018122320854
1.0,0.38941084815216853,1.0,0.8614349076733394,0.6912707624413759,1.0,-5.543866681590304
1.0,0.15468183710294425,1.0,0.31922131953980937,-0.9546476576267482,-0.8033154776184243,6.616964748302539
0.6051873536109436,0.8081410075614781,1.0,0.9469151093608847,0.048151064604277094,-1.0,0.7061216665860073
-0.08097698736491471,-0.9666021444924712,0.6519163072173879,-0.3215334139590015,0.42355794846792577,-0.8210597517319186,5.558715004265687
-0.16033205755514468,0.5470398946926998,0.6264290265288704,-1.0,-0.16409457058315757,-1.0,1.1013667819386315
-0.9278113744800214,-0.42899362004495667,-0.036015214496363135,-0.13284350488916163,-1.0,-0.6683522213022508,-0.833509675706045
0.7648424895111055,0.022065961336124262,1.0,1.0,0.028029813267149928,0.40421989239612033,-2.3311789159678358
-0.7313110775164572,-0.8543972809051652,-0.37244201539291777,-0.9640213370388966,-1.0,-0.2762959453008195,1.9880618950054432
0.5484608618601367,1.0,1.0,-0.34692975499437556,0.035862014639776785,0.9616258766679957,-2.1192222483011034
0.1001918300564304,-0.11154407342698791,-0.6263118259760472,-1.0,1.0,0.3760253855854485,1.9599319002865903
-1.0,-1.0,-0.2588955881354662,-1.0,1.0,0.8908911730687928,0.9658023715917868
-1.0,-0.8687173045353063,-1.0,-1.0,-0.3099514113547047,0.5533825119644147,-4.0749675502794
0.2312722035110215,-0.36734483218865555,-0.5172474985898349,-0.3072874194364534,-0.8074263821275516,0.16507237050341167,0.5960236567888311
0.2967025282083684,-1.0,0.7271563561297705,0.4472217610910687,-1.0,-0.20604062879774732,4.044881375392773
-0.6994358110940189,-0.10913976842190909,-1.0,-1.0,0.32555702215517757,0.36807819862099106,-0.673736045808982
-1.0,-0.34886047715149804,-1.0,-1.0,0.6166359859967789,1.0,6.095059467905133
-1.0,-1.0,-1.0,-0.27553832705474957,0.8950487833866537,0.30957682574096823,-4.40588040587846
-0.7032546444172144,-0.26530420659284565,-0.02168492805690936,-0.4396716185387163,0.11871783895910426,-1.0,3.7356753153139923
0.6383135951420762,0.32609682558953046,0.4965433641761863,0.13309924247701543,1.0,0.2484331447086332,-2.238992487494157
1.0,-0.2504295473635023,0.6308882211734393,1.0,1.0,0.6560195283793819,-3.117902840241315
0.8783850743579056,-0.6845825406490583,1.0,0.9646490191702717,-0.9863546268161998,-0.4735006706917382,7.14748778479017
-0.19684035383896956,-1.0,-1.0,-0.7667895523139001,-0.23544654282461727,0.15793207693323486,-3.5075200768154278
-1.0,-0.6698398562387298,-0.6119036819879349,-0.7537274984460518,0.22629321314992024,0.8161708712398881,-1.0560560704242414
0.49030804894012836,-0.06341231746055942,1.0,1.0,1.0,1.0,-2.9361320751756415
0.3319384035160899,0.8957175941296389,-0.34330034375357155,0.1291345180436172,0.6436454761126146,-0.0400667974072203,-0.3603546561363243
0.1804532709161739,0.6118431716942532,0.015901324640798464,0.3688125363400956,-1.0,0.1470651133061639,0.4729490475564795
0.6289807549044247,-0.046018336185279285,-0.01444619642743905,1.0,0.8336071399185769,0.268342805556788,-1.2713503868292921
-0.7332648188457072,-0.5066766437187522,0.6273668051115973,1.0,1.0,-0.5003649204364334,2.6580013002685905
-1.0,1.0,-0.5154433441378772,0.8814079696512576,-1.0,0.2498286222939642,-0.9881055298811552
-1.0,-0.5365944618761942,-0.1763584867321093,0.6741959938080577,-0.26843585415346505,-1.0,2.6988570544090225
-1.0,-0.4829690492758182,0.28229981153305506,-0.289754694104213,0.9513345012650962,1.0,3.6477190252168974
0.19570861236793524,-0.25920660772091497,-1.0,0.4426482235981395,0.850723009917916,0.042868397079576126,-0.5556630164709758
-0.05270384041829751,0.4040886832926325,0.19615182609221044,-0.23268888919763986,0.23512885338152234,0.17556350821798483,-0.6292140698798501
0.07034645815988932,-0.507073153091063,-0.6007192122830454,0.04151692411987706,1.0,0.6977871690289601,2.278405027571767
1.0,0.9242730956997378,1.0,0.19675336207617322,1.0,0.7448626503535506,-6.371464595020266
1.0,0.7864068825304744,0.3829440888585032,-0.12410282290166663,0.2070459174127739,-0.7670304827663222,0.5112726244908798
0.43891696212967235,0.8475389923762617,1.0,-0.28333270318631165,0.6653288968794806,1.0,-2.850745507104099
0.23199065234500366,0.0099620615918381,0.6244168953871866,-0.7591591190131803,0.5066129003282844,0.1300014806656793,-0.6079691891148087
0.8231530490945307,-0.007013694425670403,0.9153105602928848,1.0,1.0,-0.03605985229746567,-4.078209404513004
-0.0170777482427934,-0.5743047519423032,-1.0,0.14824816664412221,-0.2770765690534136,-0.004506674136454003,0.13603035832770893
1.0,1.0,0.6693216400602924,1.0,0.9353554552790214,-0.46669464784601944,-3.6725674098020575
-0.21068412117110058,-1.0,1.0,-0.6258971436926732,0.15172995624336538,-0.7788601038979384,5.208893558251887
0.6130938628431923,1.0,0.34189682295227125,1.0,-0.1320723015882337,-1.0,6.1221439417265415
0.4701510563814103,-0.5424735846931787,-0.08479895958975675,1.0,0.2816305549648035,1.0,3.7392394395609596
1.0,1.0,1.0,0.239975887611239,0.18505376835556211,-0.49499679005379704,-2.564141835280658
0.2668222589387058,0.14538349164719516,0.4213028427087331,-0.8464546988981506,-1.0,0.02188573488625245,1.7210666888602388
0.8392832201346354,0.5520788351753094,1.0,0.5383445505436819,-0.21487271836859523,1.0,-1.5769652984535327
1.0,1.0,0.9974483321533454,-0.5798666805969152,1.0,0.3456568996879448,-2.668821859320473
0.7745378165156671,0.6999852408490561,0.4519032755822059,0.16063623740652233,1.0,0.5995600732259843,-1.5830869345026721
-0.022726365881178046,-0.1794622449984642,0.27065028975823147,-0.6484152250072583,-1.0,-0.930671215431626,2.5690537541802523
0.1988258136583103,0.2752830844578935,0.8161966087220214,0.2069167155889331,0.4153337237179737,0.44514579626740347,-0.5818873335268449
0.22739959656458963,-0.36908156359966743,-1.0,-0.06949143764913379,-0.39157958094674866,-1.0,2.26084120071475
1.0,0.6212389865260228,0.8594456327023063,0.8875954576142663,-0.47947996026565676,-1.0,7.020184452931227
1.0,-0.012346269845801006,-0.08461893312938629,0.22732230727930103,-0.9723112441408832,-0.892121555524283,6.661871397913586
1.0,0.601873820694349,0.822156799609997,1.0,1.0,0.1463538233066377,-5.388285697620145
-0.8372086830139525,0.3864865458836345,-1.0,-1.0,0.014620970201955075,0.24491011553975273,-0.14873614292786186
1.0,-0.3876728582426523,1.0,0.06738364264660729,-0.8927457792901529,0.02804674588333958,4.75218900519261
-0.5393329391670785,0.9957429486852483,1.0,0.5672620019083058,-0.11992571568754218,-0.7192037539038255,-3.1105845964611802
0.03557767612523932,1.0,0.6719452685771258,0.9185795667484128,-0.8806867632405697,0.9355978089823703,0.7905734067371006
-0.10266815920386707,-0.9800864824451629,-1.0,0.6827259220825251,1.0,0.6619712130252173,0.020611954675965605
-0.8965153406572461,0.9747632146673088,-0.8119195171643726,0.5795885622982587,-0.23874967588807106,-1.0,5.497530727500537
-0.5945146006908477,-0.3444667882096366,-0.48857788982804007,0.8986679965115456,0.5205561254068656,0.29765901294750774,0.5821640141577165
1.0,-0.33152004065389207,-1.0,0.24177760424978972,1.0,0.09671377432764788,-4.0642993503796365
-1.0,-1.0,-1.0,-1.0,0.057058576754606016,-1.0,2.7974561866773024
-0.32016601772007586,-0.7767420594938479,-0.5240255472327484,-0.05633350940649223,-0.864196619250814,-0.38526920579489476,-0.6074262896783283
-0.5998111244266464,-0.2054467749567534,1.0,0.1957020308389023,0.38488030439271204,1.0,-1.6745705707959253
-1.0,-0.9850520587165099,-0.39754451786391254,-0.418920916292602,-0.33352298685651877,0.5732503907173722,-3.2843314470797975
-1.0,0.3805273790466783,-0.29592254412423663,-0.9701896855979343,0.58434171277149,0.532353892486596,3.2519557733622224
-0.17086770110759822,0.28175450324853546,1.0,0.2347876024407585,-1.0,-0.9018370124750842,-1.2366109607200542
-0.0015658436006883436,-0.7621804387035801,-1.0,-0.7993114238196077,-0.8853519792868922,-1.0,4.424768568526272
0.0515624603178908,-0.9042263263023611,0.15557299461725516,0.9703526215807974,-1.0,1.0,7.500380859833716
-0.55605831824998,0.5341136581891233,-1.0,0.0717702003641619,-1.0,0.3931961071063311,0.07614330829678478
-0.5210842901092148,-0.7545396248098678,-0.7674860523120857,0.09352940997628043,1.0,0.8972868319673367,4.369448600902976
1.0,-0.318871858308598,-0.05511231401360989,-0.034361142704675496,-0.6526212439676267,-0.8104151847131646,6.013447998606143
0.5449244226079808,1.0,0.882574214021555,-0.09040271793066779,0.5036565905485332,-0.5708515962565077,-2.203283864046699
1.0,1.0,0.7437993615211452,1.0,-0.49963287147594515,0.029455247113101435,2.0959206205342578
-0.6928207014318309,-1.0,0.1424386706487596,-0.29388033756508136,-0.5603511533490778,0.16829616981068524,-1.1862683597279275
-0.6546567115270947,0.21424702148282182,1.0,-0.9437886932828781,1.0,0.11304723698905361,0.7039896337617675
0.44135165809665056,-0.3924454023602904,1.0,1.0,1.0,-0.16519976412242088,-2.1830029432378124
1.0,0.9344450882829731,0.8343813999739949,0.8288759144986225,-0.06883923966141198,0.44759924240454185,-3.076798359064325
-0.228408454914791,0.3579666165830022,1.0,-0.773681945431854,0.30826040718129066,1.0,-0.6024314402279575
0.030716268525773582,-0.24596548727575906,-0.9260627789266602,-0.6729566632962389,0.24322385455332973,1.0,5.812411596675317
0.17351162911183443,0.2080629169915037,-0.8169503587687473,-0.8850119429670519,0.8500969662961704,-1.0,0.3353441787907857
-0.38111063291252156,-1.0,-0.713629494622213,-0.5010954956747966,0.6052200511179493,0.6433030081008282,-1.4286711130706018
-0.6695381240548282,1.0,0.032841925293209895,1.0,0.989980445183281,0.7457140890654625,2.70159593771001
1.0,1.0,0.18039861835403703,1.0,-1.0,1.0,9.50559721313081
-0.7517626284466883,0.36024748109990756,0.617366730146097,-0.2738826150980578,-0.2960898418723722,0.2769626411176535,-0.8829409781420485
-1.0,-0.9469209343190572,-1.0,-0.45790171622037196,-1.0,-0.8047386223549617,-0.6194972413654598
0.005882185478779389,-0.5129896533496211,0.5200892134989707,-0.1106818023418693,1.0,0.17157924096654575,0.20231645638694562
-0.09298485591260741,-0.3765136679404111,-0.94952942597608,-1.0,-0.38635039496896745,-0.4616884390273523,-0.7715260479271673
-1.0,0.6420747787700187,0.6409772144744321,0.21432414329679678,-1.0,-0.4747403177026502,-2.7733866163369445
-0.4844755285140526,-0.9200477373177212,-0.711456689491524,0.03778911326204615,1.0,0.5694644158350565,0.3458372771568199
1.0,0.6450702902078923,-0.3178146526820045,-0.4578716213798054,0.6822727211365731,-0.1082158976307393,-1.1219013000714113
-0.1456244185664115,-0.9893770170106817,-0.6828677598804953,-0.1321651613485353,0.6710499931224969,-0.21507788133156291,-1.020032306607707
1.0,0.4391034241594506,-0.7508076225659827,0.6056149625493116,1.0,0.742272214765692,-1.8002472709826816
0.3288126683653024,0.3281052798096866,0.9916686718446788,0.7447136098351164,1.0,-0.6783529955858186,-0.482101399090499
0.10755219265916124,-0.16276082168263822,-1.0,-0.9684809866600803,-1.0,0.264392564457341,1.1986276317208067
0.5906658652353161,-0.08498904093514703,1.0,1.0,-1.0,0.28249676249556677,0.7687456926409176
-0.49506566167496613,0.20341706260974732,0.18250001836071994,-0.178051135658854,-0.19970075970845672,-1.0,2.557523414881057
1.0,1.0,0.62500037378228,1.0,0.2960674809082282,1.0,-2.6777478662477354
-1.0,-0.37760352364603067,-0.5749819294931966,-0.43006911314117136,-1.0,-0.3404992547203559,-2.1270396801899842
0.3562337025352408,1.0,1.0,0.667981706812939,-1.0,-0.24127262445465436,-0.22953236296232177
-0.2457467281170796,-0.23634256343398777,0.3133830317984193,-0.5634068124531288,-0.38060670958367476,0.41093516179298323,-1.2328355151575778
0.41927134090153007,-0.8378250568961321,-0.5239564531046282,-1.0,-0.6648867895303072,-0.3634949725047039,2.8614421029016124
1.0,1.0,1.0,0.2029323357086863,0.7104297474757137,1.0,-6.1682472707484015
-0.061835606528426235,-0.47961700224628956,-1.0,-0.11174287854300546,0.09046486961830758,0.10148405034077365,-0.42706760911085917
0.5415490889189798,-0.550792311488391,-0.5487186253093284,-0.8587463271868649,-1.0,0.3080403307167958,3.254817226086163
-1.0,-1.0,0.2458149857493933,-0.2190654515729057,-1.0,-0.8195766631759903,2.5086581242574715
-0.4462929651578916,-0.4611029261880054,-0.05849763546648601,-0.14568576109647235,1.0,1.0,4.290799604016833
-0.7176002093180753,-0.30016504541562583,1.0,-1.0,0.3420714651638022,1.0,-3.343053837555881
0.7682108287050458,-0.11300839220466485,-0.11066552477804825,0.41642550266626954,-0.03336215337775954,-0.8589726245457423,3.211657521233912
0.39103769646243813,-1.0,-0.15583732808591344,-0.6999912511301973,1.0,0.2660971860054826,-1.8062707978709243
1.0,-0.14744527431595267,-0.823925020876066,0.7414913810582775,-0.11145176028250142,1.0,3.691711113109842
0.7476927516294496,0.534559257576844,-0.45423425287138564,0.40080826617600973,-0.8600700908197819,-1.0,4.821428552741479
0.96071879473779,0.17130891443854873,-0.45208630858574844,0.004705768231503787,0.7788822549084953,-0.02792696284886248,-2.161607669129691
-1.0,-1.0,-0.1143813704397676,-0.35426824665541146,-0.5008323801182625,0.22668747854360005,-1.870847488231359
0.7849592826282977,0.8653790202413354,-0.04155866609460582,0.10729858866834519,1.0,1.0,2.913080688091292
-1.0,-0.06729111934043808,0.124078476941159,-0.554429005001049,0.585870520927216,-0.7464246122435818,4.533699747743584
0.03476986211866401,0.5094717908762716,-0.8174111803760473,0.5055167134944675,-1.0,1.0,7.223591712283095
-0.7607786172679505,-0.5636372891416082,-0.06022641629098131,0.20623422730965568,-0.4491079098417329,-0.3922045552309527,-0.9409510803137973
-1.0,-0.4001239414482529,-1.0,-0.9208003680973109,-0.4404211965261865,0.5347323543274474,-1.9635096460764991
0.8839655462200325,0.5690298373889584,1.0,-0.3969122705110697,1.0,0.521937782357774,-4.30375425232304
1.0,0.9413171436575007,1.0,1.0,-0.08043352440525708,1.0,-4.27661899681033
-0.5526339344880447,-1.0,-0.7202585326676093,-1.0,-0.9185749470245517,0.18032467439573546,0.9562561851031274
0.059140390527754966,0.4834935961193136,-1.0,-0.14213718402336536,-1.0,-1.0,0.4244950959317513
-0.7392720640277622,0.001184861496177858,0.9540161620206185,1.0,-1.0,-0.2405792527318953,-1.489564445355466
-1.0,-1.0,-0.9508224346053874,-0.45893301277646636,-0.5206456665324546,-0.7532100371419499,-0.08534955679790279
-0.735499084113554,-0.8227432825301525,-0.6589746594068309,-0.41726193651225946,-0.0037455086662030214,0.2688084805112375,-2.5635301163382427
0.9009565656531076,0.002612033619829479,0.4013883341998309,0.3555025361795603,1.0,-0.5420715141719505,-1.7358748592824977
0.20099480818052104,-0.18690538311447186,-0.276662068307344,0.4289224467682038,1.0,-0.29580740640653747,-0.1394745037552388
0.1558053630548193,-0.3983358953167022,-1.0,-1.0,-0.13043488383857402,-0.5093685567002495,-0.7212518982736761
-1.0,-0.7643605871931813,-0.003547750478618217,-1.0,0.9753306816442624,1.0,2.586413463200942
0.6306516009944959,1.0,0.18721534833178866,0.15753235514222885,0.41785213496077134,1.0,1.961921427299871
-0.2636071548839308,-0.07191896016827326,-1.0,-1.0,0.8020821118092322,1.0,7.6518037062515045
-0.8702996632970879,-0.3474055719442282,-0.7952766905078005,-1.0,0.9853755538438167,1.0,6.370068049329233
1.0,0.7834524971588911,-0.7244806653261419,0.46025935930594575,-0.04625998374960183,-0.2090887514474477,1.3129950893742945
0.8585362156573304,0.4237698324604813,0.7515395034865315,1.0,-0.9123096794905365,-1.0,7.573761256169072
-1.0,-1.0,-0.8996876473098572,-0.18396362541116495,-0.313258780362925,-0.3292533257878354,-3.475172311787108
-0.9390547817331998,-0.2082523548250712,-0.5761092501129805,-0.349784855612036,0.34853882585644597,0.23465168483097631,1.0645958128613886
0.050873451870188574,0.45124759106715706,1.0,0.8442855906319502,-1.0,-0.3704607894624635,0.11015276233808818
0.3239010556411188,1.0,0.14192524153733532,0.6301773065325542,1.0,0.8016811664883704,1.862705782504564
-0.24581426284620433,-0.2578031342611098,-1.0,-0.7948696177328091,0.2635345206300053,0.45123133471411303,-0.2160418351710517
1.0,0.3861641124176133,0.49844499955581023,-0.9540816119741832,-0.07832122112392656,-0.36839211712911163,1.5878206220162911
1.0,0.36331533412626627,-0.04417900501932498,-0.014929720298059335,1.0,1.0,0.14192669970145644
-1.0,-0.6890700764169895,-0.5026710229472922,-0.19200412780146242,1.0,-0.7334636187861932,3.190170503133267
-1.0,-1.0,-0.3100503361083342,0.5484438524114703,0.8202063734562597,1.0,3.5706636876612214
-0.21505625615503393,-0.35549907817821064,1.0,-0.6375628548820924,-0.3389592483760372,-0.40670793492135554,-0.024796102867924108
0.29722379017509937,0.20773546785599928,0.2520764460154197,1.0,-0.8652798437787756,-0.35235087580975094,1.5347435221153474
1.0,1.0,1.0,0.9807123121691412,0.8426141924440117,0.07580633368872991,-7.7274194993400265
1.0,0.1835634391358465,1.0,1.0,-0.7913437700313248,0.049918717771741505,2.9566617079108286
0.014909822036432319,0.6872581794457107,1.0,1.0,-0.11861890431636224,1.0,-4.6853796188465076
0.35074281968367976,-0.024632439523440797,0.571180946704175,0.8388521098540234,-0.4680267740277577,0.3803359882357576,1.0187958447698067
-0.10105401856416019,1.0,-0.1583512371574688,-0.5315317554897735,1.0,0.7728184345386602,5.556736859633776
1.0,0.2111025433264256,0.46728113663168624,1.0,-0.11261571591925026,1.0,3.109219451087781
1.0,1.0,1.0,0.342815890001946,0.4541029872315411,-1.0,-1.6949490228182724
-0.08578126694457922,-1.0,-0.33613202977228984,-1.0,-0.5518772744970466,1.0,3.3598361426846997
-0.4964579466603396,-0.7639447427897276,-1.0,-1.0,-0.37733083345225016,1.0,2.440860779471992
-0.45928674647693146,0.5482778034639713,-0.4683571715576428,-0.46638330589252425,1.0,0.31573793904057934,2.0581104017677787
-0.8809461228977529,-0.9273502353809775,-0.1732676931932397,-1.0,-0.38030743756007135,1.0,-1.7412899655569536
1.0,0.7140040125548976,0.630135772612697,1.0,0.6922692313132464,0.8925148667143097,-3.3273896575316244
0.71821427047032,0.9997827256230232,0.6155410613229415,1.0,-0.4700779736381103,-0.5806758888291985,2.7974209827511043
0.806349623715678,1.0,1.0,0.3966061848750708,0.6324360542101839,-0.8947347731450686,-2.94819645286749
-1.0,-0.7228166018546138,1.0,1.0,-0.2124022695781061,1.0,-3.6514128271558244
-1.0,-0.5073918092598615,0.45694083075427105,-1.0,-0.865795493483123,-1.0,1.9170390669077264
-1.0,-1.0,-0.48038137431290573,0.977772796401871,-1.0,-0.7518598925534359,-2.8805136590475224
0.9729196693589746,0.06375726841167473,1.0,0.29154790941297315,-0.9071175032633219,-1.0,6.945260259430914
-0.18495631145470104,-1.0,-0.38966550839388053,-1.0,-0.4166163922489817,-0.9899342426594371,5.3610352122946265
-1.0,-1.0,-1.0,-1.0,1.0,-0.20692225849182916,-7.769132416890481
-1.0,-1.0,-0.026831605479263887,-1.0,-0.22461460183030002,-0.35651188287853564,0.598492805138985
-0.8841254830128861,-0.669626923517536,0.9226579682249592,0.2962588957476462,0.21328888221341746,-1.0,4.409136033011027
-0.6093543969929321,0.03128351073681179,-0.26802437984067107,-0.8323186455378746,-1.0,-1.0,0.447954921979996
1.0,1.0,0.9584813632483968,1.0,0.9980779561610214,0.8500117189879451,-10.071159928459718
-0.4234210727762646,-0.34062074638593764,-1.0,-1.0,-1.0,-1.0,3.2009846049743147
0.20486581106267854,-0.2437129069443587,0.4833923392693603,0.35622546311800707,-0.2657235906276001,0.8062133813840082,0.6986302810858875
-0.8912208142672212,-1.0,1.0,-1.0,0.9396636460895839,1.0,-3.929154827927401
0.12162326023143455,-0.6389285402646911,-0.751931704185004,-0.690924889074142,-1.0,-0.12924443224999793,1.1700366512464686
-0.23792438472058852,-1.0,-1.0,-1.0,0.40833812635939526,-0.7103006295152202,-2.0089737602774287
0.5312775255744007,1.0,0.4126310628064209,-0.8993381644179996,0.8187451746850741,0.41199523001722677,-0.2834488423164888
0.5572399199641194,-0.758750265623345,-0.2737260834488106,1.0,0.9858189340403849,1.0,3.2776110051231835
-1.0,-0.21295881146992102,-1.0,-0.34846420474753903,1.0,0.5987914362893975,1.086197901705575
1.0,1.0,1.0,0.7201161860636025,-0.1107487607519324,0.47728118213902304,-3.1703703752148575
1.0,0.9382892326325851,-0.21193514390045848,1.0,-1.0,-0.731756589176205,8.91997434555102
-0.2742754297166673,-1.0,-0.1361608182015417,-0.01684053008016595,-0.668035445742622,0.08741267387386198,-0.8177192080704534
0.4332338365561442,0.8047396342153981,-0.7990307402497557,1.0,-1.0,-0.816413683279847,5.312705637398001
-1.0,-0.8383323143797521,-0.2828450231358537,-1.0,0.6113290064471207,0.12172470868987834,0.7659152732847108
-0.280076274361003,-0.7429629211765336,0.49901165210619036,-0.06085125605602229,-1.0,-1.0,2.6548379678509555
0.812190689920818,-0.42750672125150374,0.4324319278168984,0.025349313142954327,-1.0,-1.0,6.947068547393583
0.8217250800540861,0.43403607925413057,-0.3178026923395323,0.7240535018545032,1.0,0.9717178822489432,1.4459121927646827
-1.0,-0.0790610943095913,-0.7779180038782969,-1.0,-0.9438189314836991,-1.0,1.5011741028102104
1.0,-0.03502976586210704,0.6106923817598786,-1.0,-0.21699539815111524,-0.8539913128660566,4.517992208421196
-0.030394121163714538,0.5540203338575334,1.0,1.0,-1.0,-0.3570334257568599,-0.6831871612868126
1.0,0.14489936885277338,1.0,0.8128864038687869,-0.6325631942126551,-0.47961412870182996,3.0300012068240694
0.17591827914358157,0.4505844251154654,0.1748176929266037,-0.3664423108446151,1.0,1.0,4.78778694306141
-0.48812536364280623,-0.1310363589535743,-1.0,1.0,-0.9895334115564802,-0.7557260046495567,-2.974351806989186
-0.3741573071863993,-1.0,-0.6047786384755087,-0.8318542175664074,0.03163543975832317,1.0,-0.7996742993490661
0.9902123818801238,1.0,0.3248048662006535,1.0,-0.3206719527706975,-0.2634865298100427,3.5047100373321167
1.0,0.5464300308914924,0.3044495196016251,-0.5462005015812882,1.0,0.8760786650862178,0.43609539446000795
-0.7529653307472711,-0.2555195720097146,-0.04746827704963327,-0.42197093049243517,-1.0,-0.8096787434635935,-0.8681723146716649
-0.21699635845026366,-1.0,-0.47783774448172467,-1.0,0.25379496885971836,0.6257813166956119,-2.2110315953440254
0.47913310679092924,1.0,1.0,1.0,-1.0,-0.07464655209899429,0.9762236738670599
-0.32334754094633156,1.0,-0.33949827828657136,-0.8411219133830948,-0.353112205859549,0.730891597043721,4.654913347629
0.688746467734589,0.636423523022656,-0.17459692112817798,0.3751138513957773,-1.0,-1.0,4.723437950369022
0.014606553283853407,-0.29489592001269793,-1.0,-0.6714310616238666,-1.0,-0.14741658149068126,-1.0213516640025924
1.0,1.0,0.687872767834502,0.3409626656277889,-0.2500061954599382,0.36328204463806313,-1.3090114274985798
0.7597093979079974,-0.441535408992521,0.7729840338514243,0.8548982205051091,1.0,-1.0,-1.7442317599662567
1.0,-0.3353544382113051,1.0,0.41340195129980084,-0.2814360751839059,-0.506570442446805,2.674998217005479
-0.3343088214666676,-0.9374419872016839,-1.0,-0.1572891467810631,-0.955361584147008,-0.06558657212546154,-3.296878565695552
0.23599899176714378,0.9496363505897732,-0.07462041217224147,0.7165740624651217,-0.8320404791590288,-0.960271417786944,4.0116872592096655
-0.625046190198332,-0.8707445325859573,-0.6351663597795767,-1.0,-1.0,-0.9708582471382343,4.941009620101685
-1.0,-0.49564699386939715,-0.4144066047054701,0.6502958650649778,0.8602887373631196,0.3285805578849348,1.656792599359701
0.9545219915960717,1.0,0.7484515882503182,1.0,-0.5957418525897661,-0.9515833813724459,7.5094327368467155
-0.41335313733272416,-0.23795145717939825,-1.0,-0.6063435500825984,0.6578051170768743,0.8735699484650268,4.377088197298696
-1.0,-0.04181682032117537,-0.8380747839262743,0.8078777185304764,-0.6232049941560229,-0.6406814179772958,-0.898457576145707
-0.2764789801906982,-1.0,-0.7174174253779205,-0.820091225356009,0.6308593833940334,1.0,0.005533056009964274
-0.23797119894725594,0.4989486322962038,0.11346755509200124,0.13944287743379324,1.0,1.0,4.369939554912193
1.0,0.17898373952414237,-0.04454490619864593,0.7509930992217493,-1.0,-1.0,7.531081299956892
0.5003938532242755,0.933672289983036,0.7461650441979902,0.8784092888069075,0.5796959481238444,0.8347071935465994,-3.15048764425294
-0.9894973407407919,-0.6629831859965643,-0.21595613493241916,-1.0,1.0,1.0,3.937108707542729
1.0,0.3700517847701082,0.9173671360729487,1.0,0.5925321117355643,-0.930068033954933,-0.3664649317778746
0.32690452072913945,1.0,1.0,0.5353525666116763,-1.0,-1.0,0.563297762720221
0.005544912539069302,0.25994737041513905,-1.0,-0.14899405522565545,-1.0,0.18446077476001488,-0.05395084154851837
-0.9722351465181994,-0.725398890245371,0.23226894517880287,0.6691540742668192,-1.0,-1.0,0.34972120281684554
-0.9231035558716201,-0.8142605851925945,-0.7631559539149806,-0.6586204369522843,0.08396908294877548,0.4861177135839323,-1.6607704817565172
0.9520335200779523,0.20932807866512881,1.0,-0.0043785603252815,0.8904504827649191,0.8513857077943527,-5.605364663868292
-0.0692447059365523,-0.7256488221683489,-1.0,-0.25610070144531083,-0.49310559181815494,-0.2029680976599434,-1.6001449135344712
0.579335953263067,-1.0,-1.0,0.7008702935983091,-0.43708484814915893,-0.0009086950289607376,-0.3300257260961197
-1.0,-1.0,-1.0,0.37212318362622265,-0.5246966258427558,1.0,2.2610704856014596
-0.4218105540847229,-1.0,-0.02794331836382357,-0.22624224771101883,0.2461932561901148,-0.7733408930027581,3.44663528119219
1.0,-0.06286265297312069,0.11393176697585414,-0.9353790799119415,-0.725968423683864,0.3642366719767418,3.6813761456484357
0.9004242711654145,0.7040366631826838,0.39187105524818744,0.5406357928094532,0.46562452840785806,1.0,0.6874868669964894
-0.543366318047375,-0.46682146518854467,1.0,-0.6036520562181773,-0.09283615607435047,-0.14413265448298018,0.3159973687284049
0.18221863416308193,1.0,0.7432637912757857,0.29949970861238695,0.9916018081172859,1.0,0.06954947680132562
1.0,0.17730323617171861,0.7187516277654449,0.23571626232863707,-1.0,-0.5479352951098717,4.4778465321706395
1.0,0.5936378669243874,-0.22707540718232233,-0.1409359803593473,-0.04543587512630845,-0.4826126208649314,1.3372901834192152
1.0,0.08673635569464361,0.18593771436649664,1.0,-0.9313553489685369,-0.7116036085430052,6.456592764728339
1.0,1.0,0.431366221772188,-0.2379783583179258,0.7990090761094717,-0.4779467348457941,-2.338244654535995
0.47320190851716254,1.0,1.0,-0.4520062247116465,1.0,1.0,-1.1125732820584018
1.0,1.0,1.0,0.5563256100977989,1.0,1.0,-8.05347169681247
-0.9093709610257834,-1.0,-1.0,-0.8085828156589214,-0.5484753762472613,0.746759861549888,-3.006061820364525
1.0,1.0,-1.0,-0.6520877910065063,-0.9585097440349026,-0.4658300720289019,5.945242867492116
-0.2982724875167643,-0.5208068955901413,-0.01271422277581924,-0.9035635303642084,-1.0,-0.7943068365118842,3.4120575113493903
1.0,0.7291179524215143,0.5356772705721142,0.45283866364830483,0.6071335034219203,0.9926704884623914,-0.438245810812232
0.18329191593684335,0.6454592553957604,1.0,0.5849968131934695,0.21593155436663203,1.0,-2.4654754913718904
0.6843783787036211,1.0,-0.1511466642484881,-0.11723695706686976,0.7527833041847849,0.9428120722259483,2.691689020100565
-1.0,-0.2634245143252989,-0.23983637423538007,-0.2796879247441778,-0.14070107119527608,-0.6119554245811958,0.8533722588692921
0.9154475091975541,-0.21577933582162112,0.462340867751988,0.9822573908362953,-0.5000410403159818,-0.817263719643404,4.373431846681909
0.33067143559365375,-0.11939012616093181,-0.3730618241484132,-0.07426459233166705,0.06848884800816046,-0.8207004566599045,1.5156040848546377
-0.30939468608453,-0.8617257265543692,-0.15212850217003426,-1.0,-0.023379471280517983,-0.24727661469053586,1.0304205616034952
1.0,1.0,0.4558821697122779,1.0,1.0,1.0,-2.7979693698031487
1.0,-0.059054017296070405,0.8575849020872053,0.017867146819322555,0.6180435248113707,0.4386002164453028,-3.2340782256155114
-0.5615887475243349,0.4452457234150138,0.09192176093964721,0.04187625437503373,0.3251543389581247,-0.22442618577665976,0.9131531171844858
-0.6939671415924206,1.0,0.7939565042924841,0.11015397257295917,0.8144571802770681,0.4466704467201601,-1.0989660242897177
-0.49399969274557703,-1.0,-1.0,-1.0,-0.4372993168321916,0.7140332211232443,-3.1255248156203934
-1.0,-0.21898403934658206,0.27545163143227686,-0.32927082348877257,-0.8633395500540546,-0.17098512648293895,-1.3851859772306656
-0.8365179227736645,-0.46362779610992366,-0.14991769167590555,1.0,-1.0,-1.0,-0.08706105590248436
-0.3655098584007024,-0.4695064082549989,-0.6344636220760369,-0.7209098142921673,0.6428242907829654,0.7556888788090184,1.0062218203856392
1.0,0.8585277269868516,0.7490953661485338,0.29976480310978904,-0.5696759976821761,-0.6797926090970694,2.9994337373632614
-1.0,-1.0,0.12514699180661681,1.0,0.6617991261588718,-1.0,1.6280813695266216
0.021608850449028855,1.0,0.01635648571148285,0.005181562330251688,1.0,1.0,5.697127158370911
0.9627511445595709,0.6184453999860791,-1.0,0.5151472916133376,0.9376546362540641,-0.5257597867776251,-4.327225360195532
-0.37311667489468536,0.51991931659342,1.0,-1.0,-0.9647406526011657,-1.0,-3.498215854167145
-1.0,-0.27810449030763273,-0.16562177804805556,-0.4199481153057014,-1.0,-0.4762621109012479,-1.9219301203566568
0.028075487655736198,0.6949274204328095,0.5291108567217756,-0.39281795732561375,-0.10382570240171646,-0.08632728011509871,-0.3761863624495015
-0.44239211603739537,1.0,0.14393077444442115,1.0,0.8011846501091142,-1.0,1.2096179711271835
1.0,1.0,-0.16715796877322564,-0.577809179890369,0.015188828512807007,0.7909576719918932,3.3338864468926492
0.0932700016626451,-0.15323693798930638,0.8511467838347302,1.0,0.11397579646338757,0.9940636106757125,-0.6035503621481548
-0.2575782697456417,0.18950523549673526,0.3681556139624095,-0.6293203463242807,-0.3132749230856553,-0.042285656552616735,-0.5166801631080229
-0.15418876700673345,-1.0,0.20075781738570392,-0.48398522114071096,-0.3384862492519993,-1.0,5.13290024150314
-0.5023878717913782,0.7491578306615885,1.0,0.6877197450091243,-0.7642845864203662,-0.37637080670144996,-1.5198946018347645
0.7569339851529356,0.6617348955358697,-0.8756905835532569,-0.8151452077587344,-0.5583094801969446,-0.6355127014392044,1.512761665120091
0.7889577495077302,-0.6556468373423125,0.8023491836911705,1.0,-1.0,-1.0,8.537480765821718
-0.19142882173030362,-0.5533629514111261,-0.7606146333552114,-0.7227699492054762,-1.0,-1.0,2.551697455556008
-0.5439701608533406,-1.0,-0.05547487139469398,0.28602205096194827,-0.23911361884360427,-0.3641607821821034,0.23679406784196533
0.34205484592187924,-0.4957655496103071,0.2126886508034595,-0.02285208977381048,0.14333397093191147,0.08732401597084072,1.0476207751511868
-1.0,1.0,0.7956834731908857,-0.24496257971862034,-1.0,-1.0,-4.630502422090739
-0.8533732392929192,0.5794748496379288,-0.10092546501116861,-0.19163038006202293,-0.7179461002757811,-0.13487971297877765,-0.7673011062795662
-0.17852133310898943,-1.0,-1.0,-0.4019067212702425,-0.1540609041068749,-0.14917028969083135,-2.0779488861939024
0.439513680196727,-0.03715865043998792,0.22365133953754668,0.6554881874058882,-1.0,-0.5099541169049361,2.320246335880979
1.0,1.0,1.0,0.6546389410439202,0.8856951446581114,-0.12576846330111793,-5.176836660389439
-0.3576787648879375,-0.22445969990279013,-0.17966177338123268,-0.4339434733985734,0.009551216819677966,1.0,1.9548138509321709
-0.5544330599731002,-0.15240320590585665,0.06746547511701417,-0.8035336216580096,-0.5711263326942955,-1.0,2.341498454637688
0.477183902172821,-0.14354295527062688,0.507395527088524,-0.5201128070205469,1.0,0.794478787166837,-1.2182842764112822
-0.7321719481966715,-1.0,0.047916034246376915,-1.0,-0.9228994863687765,-1.0,6.74311932060213
0.6011800777658995,-0.6760783157546295,-1.0,-0.25810697274519656,0.15878073657613379,0.6382883587773898,0.25436393127233026
0.29247010849660715,-0.5729579794787067,-1.0,-0.03273916505761276,-0.3790359045753253,1.0,5.956721867203042
0.15128224810978788,1.0,0.9446931004572366,0.1311409893801051,1.0,1.0,-0.6238119510532008
0.1489649534804116,0.555801594621973,-0.46214448200666847,-1.0,0.07820152632905308,-0.5619624466206556,-0.5139174065894927
0.7645744824822363,0.8658316562360711,0.4046559163687855,1.0,0.3472162712432144,0.837933277553842,-1.6075254906660426
-0.4614041766286001,-0.27716166088187055,-1.0,-1.0,-0.1354827211752756,-0.20755206372728696,-2.403139466008386
-0.5959881360884262,-0.3036679637690343,1.0,0.2693300905932809,0.34115992829275993,-1.0,2.5271159289315674
-0.6902308205530499,-0.9081917942091429,-0.5888444523632004,-1.0,-0.6804983331803628,-0.2679605293575067,-0.24506403136114058
-0.811225182060495,1.0,0.1812730340301958,-0.1498140315988845,-1.0,0.22616482208680277,-2.7691866752282195
0.6201888335825029,1.0,0.622940914463104,0.27869888744629145,0.7738700675384856,0.4963715676702376,-2.2794180358147584
0.09938298735220413,0.6627568860530818,-0.08917445086354087,-0.15268195561353282,-1.0,0.08000491216671957,-0.9394452399609919
-0.1398149709413976,-0.8233539566206832,-0.9653293129416562,-0.2503076375667421,0.0496198859511981,-0.08675902348733666,-1.0972863395621895
0.8679600758471165,-0.9125149719804179,1.0,0.8053162533278098,1.0,0.46109247645909957,-3.4627771086873897
-1.0,-1.0,-1.0,0.5752457675453064,0.29974826442913916,0.9910476839789331,2.2519084887911736
-1.0,-0.5524873579079554,-1.0,-0.40271555652628366,1.0,-0.6240371213281477,0.5121701451245934
-1.0,-1.0,-0.1851200083133002,0.3204142004810155,1.0,-0.9767150307288668,4.100489856706476
-0.9277592698373831,0.5330763535831716,0.6294338469365173,0.19049303777377657,0.00202408741737492,1.0,-1.4222435408001988
-0.6244160507348453,-1.0,-0.4372621003171297,0.5418710103680398,1.0,-0.233035471980312,-0.5860659192261554
-0.4446015129703881,-1.0,-1.0,-0.8067910867138511,-0.7872263762715961,-1.0,3.371010252156712
0.43833334089079035,0.12814095381779667,0.09843339980530874,1.0,0.7709562452709303,0.27653679458416464,-0.4085676813869112
1.0,0.09155527043079237,0.021931654981527993,-0.26867643023133736,-0.627047791685067,-0.6684998918616769,4.891363604573556
-0.5442824489449825,0.6838644331218584,-0.6627914602869845,0.8927509726162612,0.4623359554845991,0.4453026530396587,0.9867021221887742
-0.8856314600186347,-1.0,-0.9135022752570229,-0.41849928863824193,-1.0,-1.0,1.203758698732084
-0.6523864174917391,-0.7094645850204145,-0.37474624143190427,0.1677237207654484,-0.8814396197274411,-1.0,0.5847827648406264
1.0,-1.0,1.0,0.14098077425996625,1.0,0.4257362275974308,-3.7011863793920954
-0.43672622198881883,1.0,1.0,1.0,-0.7930020822722258,-1.0,0.4307615845445987
0.4104470243752041,1.0,1.0,0.09433006107838127,1.0,-0.34169308636053297,-2.607880730294836
1.0,-0.48512846761655504,-0.05220271421624423,-0.22863079419578075,-0.33734137107031703,-0.24821505072493832,0.46765208675133274
0.08048536470917822,0.16872166428189228,0.8793381584621897,1.0,-0.48714087168777304,1.0,-2.336775908002263
1.0,-0.3827233692652015,0.6044845430294519,0.8900852167071754,-0.7417518668608504,-0.49122499640484274,6.210697516879563
0.2655939978747833,-1.0,-0.42864571733622236,-1.0,-0.034987335323183766,-0.6256950871604681,1.983316843776605
-0.4720365283832934,-0.8260306584964743,1.0,0.40033644894736536,0.1765568001522417,-0.13761407694986827,1.9704891428043345
1.0,1.0,0.41410654509100264,0.16943297962488935,0.4933456850183063,-0.8246771979389713,0.44703851436293207
1.0,0.4061448470725395,0.8757926510650382,1.0,1.0,0.2025362844047196,-4.826254904419432
0.15061927246671658,-1.0,0.5130981025789955,-0.4541836448656169,-1.0,0.2337590908404642,3.2664047850557587
-1.0,-1.0,-1.0,-0.28966081724211024,-1.0,0.06738530108876782,-5.873078082404631
0.48971335878732036,1.0,1.0,0.7577387528416109,1.0,1.0,-6.424458368828104
-0.28140585176848165,-0.593461293487313,1.0,-0.17086386568896106,-0.16883707737597986,-0.32161327695569825,1.5384210030780183
-0.967201498852765,-0.5602760572242979,-1.0,-1.0,-0.3695764452465247,0.00331992211217369,-3.348837642020013
0.03827226505933479,-1.0,-1.0,-1.0,0.9834568233122175,0.3811552409665435,-4.750845398228906
-0.5776532082440629,-1.0,-1.0,-1.0,0.38081439488161895,0.6803165829284927,-3.811237672153813
-0.9813862007755486,-1.0,1.0,-0.8026088090394911,-0.13825907669866466,-0.5690586734374299,3.496397859371072
-0.18462244639411765,0.28039595588921074,-0.1570362462309441,0.647642744641847,-1.0,-1.0,1.7545931743546646
-0.5602438736742095,0.42591545085866045,0.17151320136511722,-0.13631959203299332,0.6560545859003548,0.09070210285821612,0.34087762400157895
1.0,0.7292456452150984,0.732167056364228,1.0,-0.12020639096952834,-0.48155779581718744,1.7438908426190425
-0.7048348271642423,-1.0,0.39511021192590823,0.20207792070380465,-1.0,-1.0,1.6509390495737954
0.4727341868660552,0.44089901315852575,0.7489711362009367,-1.0,0.7504430903707455,0.9357520435427292,0.8768154026732218
-0.4510345617738446,-0.020579279717942378,-0.9001466574023325,-0.43392226896371383,-0.603959534118387,-0.6006993460745018,-1.0471377461874967
-0.9447923382825951,-0.5552597068064407,-0.1998714228823537,-1.0,-0.5154121639793798,-0.7412808060452629,1.7296935431215803
0.36351285459918925,-0.13544659276032245,1.0,0.09244633693640125,-0.0381226616632212,-0.44391565989165704,2.212806788874899
-0.4014232870411749,-0.008000892650233293,-1.0,-0.5325188861534809,1.0,-1.0,3.7062226667054294
-1.0,-1.0,-1.0,-0.11656613798698268,-0.5182181795745443,-0.8235606597456804,-0.9181757891645396
0.04267755280559826,0.4095396628680967,-0.46299250230080985,1.0,0.5911517704730889,0.9843224068680636,3.8767690484501993
1.0,0.7873375920538881,1.0,0.6245437383220167,-1.0,0.7186817356772909,2.5837149279611102
1.0,0.17379064921115167,-0.3186987367374667,-1.0,1.0,0.5336136768670439,-0.18261274801448096
-1.0,-0.39708673712281417,-1.0,-0.4743557361774002,0.2688635840639628,-1.0,5.465613045567369
-1.0,-0.33291872480432805,-1.0,-1.0,-1.0,-0.8442467672813012,2.0517792670296853
0.375014240323708,-0.2639509536875863,0.7212534294281905,-0.5904187180879685,-0.5495012393827208,-1.0,4.878134455906744
-1.0,-1.0,-1.0,0.38942180069927784,0.5954665717085552,0.7960493544827305,0.27524314923782606
-0.819117422586692,0.016248683389294305,-0.9290623841100594,-1.0,0.05997876410472747,0.21541495661075394,-0.7897460093307415
-1.0,0.45820453146841084,-0.4464539813572874,-1.0,-0.21713931388164198,-0.47878790793117143,-0.17346604754082973
0.08489024663240527,0.45081250595037603,-0.5188787360554157,-0.8893064104972733,-1.0,-0.5315116768098161,0.8630531002678185
-0.5686137583549504,-0.7781163390020005,-0.8594427586390696,-0.07480941593816093,-1.0,-0.8122227577809695,-0.9137175944334228
-1.0,-0.7347205388049093,-0.13539436958176176,-0.875331583529348,0.1347757243561784,0.6349972908860295,-1.5441054673426426
-0.8781689921899309,-1.0,-1.0,-1.0,0.34221298088688956,-0.8981841417119567,0.19326180695356077
-1.0,-1.0,-1.0,-1.0,1.0,-0.12593252525134913,-7.059925096189322
0.3642342955609047,-0.16242703554862792,-0.3571198049213493,-0.289103213780436,-1.0,-1.0,2.643399208474416
-1.0,-0.24682328630141404,-0.536985545395038,-0.028700284841059298,-0.44497332940640155,-0.82346984053591,0.9487066154217667
-1.0,-0.08327535902657546,-0.7607239378164976,1.0,1.0,1.0,9.033604090856867
-0.7203951671423623,-0.03292966804557165,0.8409347336529198,-0.3541176379445794,-1.0,-0.9492232613960511,-2.304698376310303
0.3894667808127439,0.18401473448673755,0.8370284405635386,-0.9008541768075655,-1.0,-0.37936987631086416,2.6867772401993504
0.31693253585196035,1.0,-0.03724165362578119,-0.7110200915257785,1.0,-1.0,0.5402138498235777
-1.0,-0.6487027581186113,0.7831361831282078,-1.0,-0.5898339188468306,-0.12006634038865553,-1.2887289725053799
0.4284437832477078,-0.08954320474008315,0.035911953157039433,0.9998922295601117,0.3823840123676247,-0.3502480301443363,0.101985603100117
0.09050438620235157,-0.1657410174361018,0.39643745845237244,-0.2973704074973539,-0.4327799258980438,-1.0,2.576158268837676
-0.3280444199489231,-0.9634619094359906,-0.2907320692587685,-0.7519020711356486,-0.5675231837924102,0.4028136869009965,-0.4982177079046137
-1.0,-1.0,-1.0,-0.3402795862720814,-1.0,-0.5552046348955715,-2.951839258165132
0.49303596980569575,-0.8005791145362597,0.42490251083960895,0.6628208377628738,-0.9306176755040042,1.0,6.927002889101761
0.4571367976875971,0.7704694209423564,0.1048135668620321,1.0,0.6027403194338888,-1.0,1.5742748658942267
0.36423113259474366,1.0,1.0,0.6891260365553318,0.01901150271655308,-0.04529966915080552,-3.4240464705528573
0.5373000619523806,-0.6507606259072518,-1.0,-0.5522580494730187,-1.0,-1.0,6.035991241976689
0.18330541492917002,-1.0,-0.6935957474417658,-1.0,0.4132324623181563,-1.0,2.866980412953733
0.2725439442571005,-1.0,-1.0,-1.0,-0.96161041945354,0.8829635652983263,7.273430482630914
-0.39094148452913036,-1.0,-1.0,-1.0,-0.42532025567835974,-1.0,3.7877723376023957
0.6416633227293854,-1.0,0.39789029027189815,0.9607107657861804,1.0,-1.0,-0.6281245869721805
0.10965139181545991,0.009201187788663745,-0.6801221898461189,1.0,-0.4337836358438524,0.5477444135236293,1.7497779617957692
-1.0,1.0,0.6671033874504262,-0.6116387973991653,0.44371423240895536,1.0,-0.031410399852218523
-1.0,-0.03443255823196689,-0.6973136422267766,-0.6429489338150955,-0.4862824005493631,-0.07648476893470088,-1.1808905658848543
0.5434083724326957,1.0,1.0,0.6949976468338933,-1.0,1.0,-0.7222190241057498
1.0,0.8197841537719259,0.37830347187014257,0.9842828782392756,0.26352516953811556,-0.6743922027773116,1.314925356157636
0.41222711327959444,-0.05333292146881552,1.0,0.1254409059489278,-1.0,-1.0,2.4662887500388333
-1.0,-0.08877648010138184,0.0014828558183752616,-1.0,-1.0,0.6136465529498449,-0.31931602904022593
0.4910873844063297,0.1646483794248622,0.9686434976000589,1.0,1.0,-0.8368529316882293,-2.725153658971417
-0.3785005914197799,-1.0,-1.0,-1.0,-0.7867130558795525,-0.1351475543962002,-1.102269194389502
0.41151877890919797,-0.5557709712910421,-0.17773689268620763,0.16398160484100832,-0.04043601679727826,0.3558363905207657,0.6811010047188523
0.0822888268845685,1.0,0.5853509134164907,-0.37145736885610625,-0.09005175522334019,-1.0,0.9986470502495483
0.3087734446868181,-0.4262810653035478,-0.521802040827124,-1.0,-1.0,-0.15444040415866733,2.5585366111973076
1.0,-0.30980749050275214,1.0,1.0,-0.9582597066857172,1.0,4.037440411577469
0.7381030196316862,0.32839680342537214,0.8411583774185059,1.0,-0.26628510774989234,-0.07921760247150145,-0.33663268182559053
-0.5037127692420741,-0.9896729008718657,-0.19370351977000366,-1.0,0.8358566545662303,-0.0746280479229352,0.7332677534741266
-0.44788173321298697,0.4751856552930216,0.863886640202943,0.46387468740803556,-0.3174152788190605,-0.9632492991885548,1.9403538404683436
-0.5148849496636152,-0.8193366223552716,-0.7691522703697797,-0.8646998475893177,-0.4110764721753511,-0.4779708572997867,-0.07580581574801565
-0.7058008490886172,0.5292490608071019,0.3036690348215014,-0.6865329784517595,-0.7057414207680229,0.47657860109476385,-1.4376922811813029
-0.06081522539099071,0.733187345782076,-1.0,0.9155935658150214,0.9479750094723407,-1.0,-0.23247818204211235
-0.6608078618823202,0.8305582282337793,1.0,1.0,-0.044011462447355765,-0.40230957595714534,-2.9857866091920733
0.21543582056139637,-0.7796670067888788,0.3228783080381483,-0.33595471841967917,-1.0,-0.45646765665100886,3.839045018978058
0.16280438055200297,-1.0,0.07426885879076828,-0.4757750144333338,-0.754825810715676,-1.0,7.200176022041292
0.0038663290366589553,-0.42075050458074015,0.23923163348481752,1.0,-0.06334869826627304,-0.06698615489147228,-0.17777436263856677
0.44633232592748207,-0.16236807816884383,-0.23177130001587715,-0.31637984494220084,-0.19806535760319077,0.48300616930469364,-0.18021092884997048
-1.0,-1.0,-0.04011394516410438,-0.4033659062371297,1.0,1.0,4.0494402339047815
0.06555445812751248,-0.8941327548559831,-0.9068236611132825,-0.9317297314547693,1.0,-0.19122018662994622,-3.2418334216904454
0.06557407874687599,0.7848212290119818,1.0,1.0,1.0,-0.25783317856809945,-3.8262214135212886
-1.0,-0.8897974714956223,-1.0,-1.0,0.704633290152985,0.007542662302567657,-6.6585491502052205
0.4598133918616198,0.6756651077536012,1.0,0.5114314908990476,-0.34401333189685956,-0.7809491125322177,1.2661255152802835
1.0,1.0,0.3211841658907675,0.8050772561802051,0.4252941672867714,0.18997258034608233,-2.3893634691887247
0.6169998263669381,0.4019508210181514,1.0,0.19194281817758685,-0.9009940259503084,-1.0,3.7646925422157396
1.0,0.7264756664601222,1.0,0.5189954009172895,-1.0,0.16320747955319326,3.3291086786685895
0.6008758084310382,0.21597863285544572,-0.16949854415336132,-0.3593492467033691,1.0,1.0,3.1284742832085413
-0.7291150682172947,-1.0,-0.7840462666193628,-0.32225812987033875,0.051661864906465294,-1.0,4.056937130220163
0.34616600841499123,0.35091018947298125,-0.15821477266483053,-1.0,0.3192093812982023,0.16552873297824203,0.039244541989900086
-1.0,-0.7374658182616401,0.35396117317079867,-0.3874044474998098,-0.19697192370314576,1.0,-1.658583432152488
-0.12268669435959004,-0.430730300922914,0.4054405528985218,-1.0,0.4653808462948495,-0.0879129855308004,-0.4168664798183671
-0.07393503255815259,-0.5794931209178893,-0.5429092680591292,-1.0,0.602760967796218,0.6357176407150438,0.07845651959578326
-1.0,-1.0,-1.0,-0.44755352311274943,0.8030656668846528,-0.884854346895996,1.972091982464254
-0.7378001666509715,0.7226084242394955,-0.5043537433321099,-0.27970595994486885,0.9948869569653664,0.8647097707531808,8.144483935484738
-0.3483093673385256,-1.0,-1.0,-1.0,-0.1549038500579073,1.0,0.03982239164367615
-0.42111904382461307,-0.4364922105771447,-0.3821704880077088,-0.24773745149090876,-1.0,-0.9556570601095062,0.7164638578079908
0.4669733684094416,0.9403324878162556,0.42765330540699587,-0.329744587134993,-1.0,-0.9955272389454239,2.2077939522478256
0.9204916502724281,0.6670277572196008,-0.3153054619092125,-1.0,-0.8588630978006855,-1.0,6.690143542184073
-0.4998571351254975,1.0,1.0,-0.07725903268216683,-0.4321219166880481,-0.3165300443448995,-3.424858939039393
-1.0,-1.0,-0.6254339109667094,-0.09579234757546828,-0.22551870376597974,-0.3451105155532988,-2.3188905193798552
0.5097928782463732,0.2677124717491717,0.11018123321642648,0.9057029628676514,0.17361367375223435,-1.0,3.6039820512254703
1.0,1.0,0.2507343575720009,1.0,-1.0,-1.0,10.934917170331275
0.5023354648523982,0.4043999186868701,0.22907370114013548,1.0,-1.0,-0.8901352302323853,5.862358214771128
1.0,1.0,-0.030875618524169035,0.48279269680186665,0.3348526318994782,1.0,1.788062996151947
-1.0,-0.5798826627955148,0.06075540049265926,-0.1725581875495671,-1.0,-0.058893947326904394,-2.0987993064396173
0.6695412507381844,0.6132372505324182,1.0,0.8154217410163755,0.8788467478723148,-1.0,-3.4755782485786737
-1.0,-0.5402767151503212,-0.2589521604577787,-1.0,1.0,1.0,5.563836093951913
0.127404898967453,1.0,1.0,0.5957488602791529,0.18112560105233672,1.0,-4.9236360759825235
-0.0755601319614087,-0.14803147740284617,0.522248847642599,0.032932307692675425,0.6219135920875848,0.6929494718836242,0.21785837580684442
-0.02041144364817915,-0.8777761913372475,-1.0,-0.785567266604484,-1.0,0.05479600587544292,0.8188556486435583
1.0,0.7825914180826056,0.9824807758376098,1.0,0.4586491305321141,0.8854420093623923,-5.962576414545725
1.0,1.0,1.0,1.0,-0.12108381948084768,-0.7390416665748456,1.6120240780062862
-0.5862417485845346,-0.23885672202540104,-0.1963072627775101,0.8072739547514902,0.4492374622314349,-0.9293823210614447,2.6216397159944913
-0.07015767760554426,1.0,1.0,1.0,0.20813933228350467,1.0,-5.892109718453844
-0.16827671255390525,0.7969072055667097,0.3635083260988151,0.005090602918505827,-1.0,-1.0,-0.7774472945720032
0.9458208979015879,1.0,0.4556317116801726,-0.8814888811893782,-0.5159356377436376,0.4216361826602726,2.385312318002726
0.4008310678588411,-0.25213623164923904,0.3060985152404252,-0.14553320442554873,0.1407030567056795,-0.9108443567116844,2.424497731040613
0.9034408572813775,1.0,1.0,0.36918289653638103,0.20715102266744473,-0.38590797638243446,-1.7641458484893624
1.0,1.0,1.0,1.0,0.49044115404743877,-0.40125437137036146,-4.276015058661507
0.18915442054803172,-0.8975903098632441,-0.5034004131251318,1.0,0.7215747567639381,0.7190118420073511,0.06599470104407623
0.8427083708144898,0.5632700335569155,1.0,0.42316599468969474,-1.0,-0.022389420835949414,3.222368180075136
0.5738557227885391,0.7972795204749604,0.7674899754598488,-0.525216547742569,1.0,-0.3266049485534128,-1.6768374876910224
-0.11790892001345199,-1.0,0.7494312841442619,-0.5492377048285858,-1.0,-1.0,7.006763934351526
1.0,-0.5452206838122156,-0.6409308660503947,0.118176814985884,-0.941760197026903,-0.044763985921540676,4.279542950877215
-1.0,-0.5860522841603186,-0.07274893956097085,-0.8372738801763238,-0.10030320480149524,0.3957954739618199,-0.2145665797970724
-1.0,-0.36477350548358545,-0.3640225966706945,-0.347364557958876,-0.8888397050740426,0.8059861320375749,-1.5351542873937691
-0.16583123793091362,-0.11668803863489435,1.0,0.7071252931117674,0.7849957422143636,-1.0,0.363167598237888
-0.02407841506513081,0.9787539893505495,-0.502660568832334,0.6697024690114464,-1.0,-1.0,3.097134295627116
-0.6745128389261257,0.8679981823188546,-0.42210751381747125,-1.0,0.6765444127467868,0.15773370922162805,2.623328321367607
-0.330639418732221,0.2990426991557391,1.0,1.0,-0.06665352296058245,0.5538608946259275,-3.0266953038497144
-0.2723745951972274,-1.0,-1.0,-1.0,-1.0,-1.0,4.8055684015917315
0.6140849342625135,0.3433498932816341,0.9054417735636487,1.0,0.8529414158832374,0.584973687057943,-4.25721307311963
0.9204766542141808,0.47133229258784964,-0.3497744832197889,0.6143239751445831,-1.0,0.4556386455669479,3.9505975685855192
-1.0,-1.0,-0.30288387064050903,-1.0,0.42375830108935264,-0.18807153951807581,-0.8774298416669415
-0.2516047818101048,-1.0,-0.24036380202511398,-0.9540602064858128,-0.06808795103617066,-0.013216476812284328,0.05722875804383798
-1.0,-0.2155824860065368,-0.19878725818972587,-0.7742559278347498,0.37739871861918284,1.0,2.286272182424828
0.02243044903562459,-0.16595195097776894,-0.8647153513120418,0.8760505468201193,-0.8394859857370103,-1.0,1.7433064942179546
1.0,-0.46934782440235046,-0.4168808974942372,-0.7693105475599887,-1.0,-0.5763901124952149,5.16555573888724
1.0,-0.19263748625709493,0.3262044381882688,0.9815808372227421,0.8934282035353279,-0.4233805715332881,-1.4397182492063911
1.0,1.0,-0.49264426833612607,0.1485734307752551,-0.07229992341492736,0.7066052797515862,3.1328035796002847
-1.0,-0.08582246355460232,-0.8806586020713327,-1.0,-1.0,-1.0,0.9132293525336761
0.3627140440056825,0.1600762826413633,-0.6543282593376044,-0.261816224336754,-0.1642262088523402,0.31089191063835586,1.2027303717514037
0.5664869079826249,-0.8908292350818978,-0.11959287101333015,0.25322900725267816,-1.0,-0.4865090283340703,3.0477045268159317
-0.2791824998096083,-0.9904839878108077,-0.20558660947371762,0.5890720392909712,-0.19903195640949042,-0.5482714451327729,0.5393498874793761
0.30133256955025134,1.0,0.39981438359756727,0.26712479592332306,-0.6730134696342204,0.3795232397684676,0.4489689380756736
1.0,0.3026439713467248,0.9320998540083048,0.6385151566333787,1.0,0.4002494594269911,-5.961269322653616
-0.9960470833135582,-1.0,-1.0,-1.0,0.39987953228693796,0.7490533730284075,-5.30961206104988
1.0,0.10013319988408309,1.0,1.0,0.4208660248967559,-0.5014352340428183,-1.9905140935077683
0.6021267092867961,-0.7963506836797709,-0.08458798098853182,-0.0890211090962083,-0.552205653012115,0.4541462929086275,1.2678970588652712
-0.943496581764364,-1.0,-0.9641534282651509,-0.6594254565926998,-1.0,-0.7613167918830013,-0.07494604753687595
-1.0,0.3576568527965337,-1.0,-0.230739426157339,0.367029102183583,0.9977239155021249,9.772696051709778
-0.6075752828791467,-0.7247142284954862,-0.7865689749583059,-0.7761113199348111,-0.480294807246469,-0.7131579683550875,0.5698489890743329
-1.0,-0.7901949862271567,-0.48684409656480865,-1.0,0.32264945183326754,0.5621914335454871,-2.3856161069206903
0.575746211580586,-0.03500929804042219,-0.42538639447264714,1.0,0.6762127432374336,-0.2615091434103901,-1.068372884874541
0.18234110114035607,0.4226833953896531,-0.7015315243573359,1.0,-1.0,-0.802327483549544,2.1486906816414884
0.7906843797788026,0.19590819298879147,-1.0,1.0,-1.0,-1.0,5.221317225727892
-0.8412459069165362,-0.9148234959602213,-0.3314881714029798,-0.44843921602187675,0.14194172259551663,1.0,0.6434749978943138
0.7655270957778051,0.6663890370430836,-0.12033478493738636,1.0,0.5780991332952352,0.6921566553784428,-0.8505303248960665
-1.0,1.0,-0.135196541402462,-0.09479877964968512,-1.0,-0.603208011740203,-3.5874714682844506
1.0,1.0,1.0,1.0,1.0,1.0,-9.38315149462367
-0.5742588994921948,-0.9140283680311139,-1.0,0.48044462317703407,0.9299698381719952,0.5712347328671161,-0.1446182641538697
1.0,0.32647574122212364,0.43324187409010484,1.0,-1.0,0.4199996256244875,3.447394870811169
-0.8875599415376507,-0.6496751255011212,-0.21361631350403942,-0.4215125612407402,0.7205856884005034,0.4660823771765441,0.7675266319557625
-0.1732242996063904,0.13178627474203108,-0.3403281183065158,0.09176786845236606,0.13486180806002035,-0.5374557618848845,-0.0741280448888782
0.33150922231420177,-0.06143681120948244,0.5344733832068356,0.5774721326712843,-1.0,0.04354015791171573,1.4098357391193805
-0.8503290521632352,-0.03939624656725682,-1.0,-0.3982785663135,0.5155904274578149,-0.1153805142169845,0.09468291051442235
-0.38086321475859586,0.6034850097638421,0.4985419977802842,0.9830409125648282,-1.0,-0.5230434855046617,-0.19367389581144767
-1.0,0.22689795110137656,-0.08561441560658797,0.13103529311275575,-0.17971300283125805,-1.0,2.687364518897541
0.11509729869834623,-0.5340624048339162,0.7270980586948133,-0.6797164203131572,1.0,0.8937445631872207,-1.1873892997629905
-1.0,-0.5033311813666369,0.9131675667217362,-1.0,-1.0,0.67758919917863,-3.1672074599756734
0.9634757956459703,0.2989917209393642,1.0,1.0,-0.08325084940075178,-1.0,2.8972305864676113
0.39534717907024264,-0.8411338989820062,0.2799111872322942,0.2520386576648003,-0.42177867097838245,0.25312325386086443,1.5593927464792974
-0.30920322336144357,-0.194524359525152,0.14543119096514534,-0.054105161987621345,0.2907640580024629,1.0,2.9740639855325797
-1.0,-1.0,0.4128734123612762,-0.10841402289314628,-0.8834117308064564,-0.3885525482707146,1.2242537120322063
-0.2698028418042726,0.0357000250017212,-0.726690338315584,-1.0,0.6099048247331936,1.0,5.289771162139031
-0.26378841996987445,-0.5015723482979862,-0.8425280833535735,-1.0,-0.4570905786656285,-1.0,4.144856688024429
0.14585148717899,0.3167894492187293,-0.042844074921961406,1.0,-0.23110417173664594,1.0,1.7667013332819756
0.2359563854826554,0.8343361212737002,1.0,0.05623516452526425,0.2670405068536567,-0.03934548443786823,-0.7476795878788592
0.9199814780068121,0.7231846561236925,0.40813790601384187,0.5830680383937519,-0.4133948079727183,-1.0,5.939114638881087
-0.7968657979306055,-0.32798158765625113,-0.22544198574044497,-0.9613664614626911,-0.423167656370001,-0.8462322517143255,1.2784521893546805
0.4852747696733725,0.8969730723070354,-0.24056397167308546,-0.33367930848934,-0.855870100108438,-0.4419945724893155,2.0275485648651688
0.34106306480422555,0.8788204022372423,1.0,-0.5526340631669596,0.4858042292607405,0.2536153168357321,-2.114691637108044
-0.22087895865356355,0.2281046880484358,0.333771994807578,-1.0,-0.5807949740781482,-1.0,0.6139967053681199
0.4738910204124642,0.9127982244567632,1.0,1.0,0.651097460786494,-0.06287021817129002,-4.64872272049679
-1.0,0.32691539335517694,-0.08733346583649582,1.0,-1.0,-0.18430041052160995,-0.5845886065717598
-0.2586045800723155,-0.26347750766682476,-1.0,0.05556017660853951,-1.0,-1.0,0.28025370190998633
-0.925731879775156,0.03305558210952442,-0.15715151969503874,-0.6374589227713974,-1.0,-0.45265298726812775,-0.4493909615981261
-0.9525855502856628,-0.20594533445604163,0.4619180567173512,-1.0,-0.3028196946066533,-0.48700341361318955,-0.3531632913182921
-0.497083750543626,0.3157454991825398,0.2537320214907103,0.4364673315139215,1.0,-0.7369788584439532,1.867583388589837
-0.8327202286365376,-1.0,-0.685319155641349,-0.7592186784151538,-1.0,0.024405052284630784,-0.4033503510772527
0.6314317375202873,0.20401198170830026,0.5570991223261963,-0.1336952717681562,-0.664342202766709,-1.0,4.86087206485826
-0.39056214882944706,0.750711993444535,-0.5831388426271663,-0.5240193448176989,1.0,1.0,9.908383057285786
0.5488107585448103,0.21929095815899174,-0.23235195467414507,-0.25380438448946296,0.11477912674822033,1.0,3.9599569998966944
0.08954433301573073,-0.8799761289396585,-0.01890729716141526,-0.8789366444993116,-0.30561295347283024,0.4692447540134361,-0.3483783823812768
-0.05018659470985409,-0.5564670649312493,-1.0,0.1556376441175876,0.6907974299331485,-1.0,2.3154753827615684
-0.5506179773080898,1.0,0.03596554929196959,1.0,-1.0,-0.7479858615540815,2.100531691489697
-0.7179727630755183,-1.0,-0.7812925641447683,-0.25152531191815664,1.0,0.29362405419082416,-1.5858774442351882
0.25177471681832286,-0.6580128047081863,-0.8051346584678928,0.20056882440300744,-0.4606129706888866,-1.0,2.382653184017186
0.33336512372956767,0.5898743362726152,0.1145794960002775,0.06295920442631503,-0.854412085405304,-1.0,2.433246102426671
0.10130140676275556,-0.41545329125537805,0.9404728142882115,1.0,0.46442306780362963,-0.06784762844640724,-0.5998448152883556
1.0,0.3701351001190507,0.8622564291171619,0.7013209014541517,-0.7048165402436593,-1.0,7.985153381125982
0.5545727363423163,0.6398045019498406,0.9037051657911606,1.0,0.22589167976751323,1.0,-2.8823878805036003
-1.0,0.03700288424912812,0.29507380289417073,-0.11373091954806358,-1.0,-1.0,-1.3431154850190241
-1.0,-1.0,-1.0,-0.07450114034826161,0.32541142227917436,0.5037601775824314,-2.902118757138874
1.0,1.0,0.4025601807529908,0.9209654326986918,1.0,1.0,-1.279171237000516
-0.010630814251649356,0.5398774324739435,1.0,0.6347977647681238,-0.277097254304955,-0.43917299041333735,-0.46829667185228907
-1.0,-1.0,0.6011114378362823,-1.0,-1.0,-0.27819318262032366,4.923033900604267
-1.0,-0.8587455129992277,-1.0,0.09844352029588399,-0.6737892504673003,0.3963957349407292,-3.0108990034210237
0.5527844082968505,0.4364036731857768,1.0,0.5415715113756676,0.5436400451499763,0.17782558554327046,-1.8855637845553002
-0.08220036309980816,-0.7013465782832062,0.09741103386718286,-0.2281347080417333,0.6964648663931888,1.0,1.6988735198718976
-1.0,-0.920562366827986,-1.0,-0.19496983136970042,1.0,0.6820163955831331,-0.7924670529193898
0.159877725273655,0.7865596885280803,1.0,1.0,-0.2789568059490981,1.0,-4.438748456489396
1.0,-0.061281549211957,1.0,0.5757768254929689,-1.0,0.777719494334882,3.178210958833442
-0.1577709074380622,-0.7678717298832147,-1.0,-0.2919047172360907,0.4341380696806204,-0.9303451971029746,1.9737381219286085
-0.503120172140923,-0.6091411773709119,1.0,0.14809645537839836,-0.9372445972782785,-0.0423810834575955,-0.980355251359517
-1.0,-1.0,-1.0,-0.4126940011791165,-0.9209706577339709,-0.33572866896016035,-4.2173371353197195
0.14928249592345894,0.7137491673914615,0.15044784792877836,-0.32726595561582184,0.09210374263676746,0.4146847417127155,1.1228638791871872
0.714343417967974,-0.18919319656520117,0.11876882199228189,0.9569889919258494,0.5461388749138592,0.43427386498632226,-1.113584934689861
0.673842676391364,0.5354659973265725,-0.5869005104471204,-0.7102178680654216,-0.8214138262404661,-0.5499991388106098,2.448108496037436
-0.6748359456785951,0.0006647187934242793,-0.02389642005308057,-0.9639936296443028,-0.8003063828061735,0.19232071913805066,0.5361764552068667
0.40251237120432193,-0.16355998747463452,-0.9351084626385877,-0.2749711090891604,-0.8649396045226434,-1.0,3.184851273873301
-0.0109108853653926,0.08043410619049074,0.15464225301947343,1.0,-0.42527813458933095,-0.021233150688929503,0.30056927632356706
-0.7132623750798585,-0.16776550072407503,-1.0,-1.0,1.0,1.0,8.25088686975475
-1.0,-1.0,-1.0,-0.34783850074076605,0.23259218475966503,0.3529252413553501,-3.7924467960746497
0.22206574999693415,-0.1271348151343536,0.02386177304771564,-0.8473330988987546,-1.0,-1.0,3.3827662506299228
-1.0,-1.0,1.0,-0.7102501042958284,-0.2412183928490741,0.9325296822465199,-3.266886687874655
-0.9810447991621003,-0.05694128221094996,0.5860243781746393,-0.7133325673919165,-0.4124747631388517,-0.42458337952914116,-0.5410982959703334
-1.0,-1.0,-1.0,-0.32464507912566876,1.0,0.11722309891062177,-4.063334844961432
1.0,0.570473169101499,1.0,1.0,0.6330164194089563,0.28015576544634174,-4.739266723030814
0.5441831481420207,1.0,1.0,0.6199098615665961,-0.3481288178526531,-1.0,0.927100188693689
-0.10053410250730063,0.24309443051731508,-0.5980993327405898,-0.7910891908488978,1.0,0.3272948688823813,1.8204556268310346
0.5220704280072227,0.08344477953291413,-0.43175608488428463,-0.848972189353906,1.0,0.9401191968509575,2.698160001284707
0.6851153099123072,0.9638758541215735,0.12610094496111218,-0.6542351314775554,1.0,0.358743275122843,0.5381372208329159
1.0,0.38496761095221443,1.0,0.8684736254351153,-0.6967588368497489,1.0,0.3639936120781758
0.1901159720732074,1.0,-0.44262152443644204,-1.0,1.0,0.025362714942092468,2.961091926669779
-1.0,-0.3231606766348538,-0.35903478656788335,-0.07787319022205774,-0.7853979893816831,-0.5893812820196835,-1.2541724101802876
-1.0,-0.95543919053545,-0.9812547097340355,-1.0,-0.6758735188274961,-1.0,4.616956133917316
1.0,-0.0647164535219118,1.0,0.7953623713923914,1.0,-0.6132300725743817,-3.7523878569654134
0.04685992593082583,-0.9262409066964222,-0.5677483019328321,0.2058203365427456,-0.9718184264559382,-0.9137334806646367,1.7759826226547617
-0.4647107460593962,-0.8232885442060971,-1.0,-0.8309291783144164,-1.0,-0.35146683296566006,-0.05950504801191203
-1.0,-0.852858761959896,-1.0,-0.2252952685399099,1.0,1.0,3.882950612532894
-1.0,-0.18093698605818653,0.3765251984282693,0.30411607591267914,-1.0,-0.43740406894582295,-2.093794932658842
-0.8966667025774141,-0.2334503558416997,-0.20241192275326597,-0.7410113491774921,1.0,0.2605746517274785,2.9577892880400696
-0.6552150945826567,-0.5603200744401791,0.5746961898102814,1.0,0.7635318085844081,1.0,2.8259058657419485
-1.0,-1.0,0.8733498038676228,-1.0,-1.0,-0.7758612831101757,6.470212264579666
-0.5084455786900812,-0.1870120789918306,-0.3121506142249524,-0.1658412146294952,-0.7039804735855307,-0.5413386200356457,-0.980982451028854
-0.23252430865446394,-0.9751829080474118,-0.4796099171539494,-0.12230927641417215,1.0,0.08868813669661299,0.030472041367917924
0.7920364877086713,-0.1237607155613617,0.37615401557744765,1.0,-0.2621455905262094,-0.1480046932616086,0.4468847715236504
-0.2549290443011134,-0.7412427411276185,-0.13853148892333178,0.09405344255463477,-0.8539213110002,-1.0,2.035044972081961
0.9456305770511634,1.0,1.0,-0.4186307975686354,1.0,1.0,-3.1659910058160277
-0.28392109934048126,-0.3620647375650726,-0.7099593996491912,-0.8352636403781832,-0.25324571144389574,-1.0,3.06263343795183
0.7972456751383346,1.0,0.4103191647288462,0.3114170854862518,0.29205636120159134,0.11384310612640358,-2.34598253253853
0.14276303377491462,1.0,0.5243558980433375,0.013599916984068483,-0.06807658175816356,0.16396391357116116,-0.3743850426719637
-1.0,-0.27717975770453596,-0.5893591917369487,-0.18262906913413196,1.0,-1.0,4.817786397353912
0.3957542038529004,-0.08984389636674123,0.07338913720945833,1.0,1.0,-1.0,0.5320341219157324
0.9759965714319456,0.9994926510273867,0.19597096159782218,-0.14144438554196567,-1.0,-1.0,6.1172216966495565
0.05349287934719227,-1.0,-0.4811183491192069,0.3380214779867812,-0.6697062735834798,-0.6966738593404367,0.0835440474869221
-0.9097794407352608,-0.10176607769251933,-0.20216850513915208,-0.032815213866200205,0.34350754064838895,0.563034064056251,0.21970492702799338
-0.31683135951780583,-0.00029336707625959857,-1.0,-0.4594962844255974,0.3290129519541778,-1.0,3.66591550265618
1.0,0.052996114489153534,1.0,1.0,1.0,0.38620159387845154,-5.557716783874957
-1.0,0.12925410946474958,-0.9785731373724892,-0.06644440255853878,0.3353638116082982,-0.19657551904421644,-0.07386489983455993
1.0,0.9069874957404349,1.0,0.5849046032964226,0.8384482400635451,0.5754650667325485,-7.343265971275937
-0.3150973634353139,-0.9581991221419346,-1.0,-1.0,-0.8019839587598436,-0.4552971453345782,0.876451751108305
-0.5641212566685683,1.0,-0.5264092733555585,0.002928448898300351,0.6689235216498466,1.0,8.802298386100672
-0.45785580662921577,-0.3132761139292837,-1.0,-0.07054625616375376,0.7081388005438117,-1.0,4.548130635773235
1.0,0.3287736173298481,0.973111931546301,1.0,-0.03162009318213088,-0.25269422348559434,0.948317408604338
-0.3914470421755375,-0.09197415648932061,-0.938988594263092,-1.0,-0.5676305160710666,-0.31781995799993024,-1.0628195718676037
-0.032848232650804915,0.5663898551718565,0.2870395804159305,0.09270058580114027,0.2838010853980133,0.801509125819575,2.4261909915293183
1.0,-0.14785123462105923,-0.11354693080881129,0.4758707860857093,-1.0,0.056532401410835154,2.9662084742664407
0.09409962156747245,-0.9359261128541305,0.7255793809472086,0.5148198564807923,-0.444267937034468,0.5318689079846364,1.9594018201093975
-0.8878326151251783,-0.5649025522190294,-0.8168764107269129,-0.5614444950364996,1.0,-0.3144107959775493,0.1336693371183552
-0.10253325728229679,-0.010307700869773923,-0.19812826180274334,-1.0,0.4235854755516988,0.9034960037011979,3.021566503749389
-1.0,-0.0273493487468624,0.10511369308469709,0.28332043018750497,-0.08234845537526359,0.8762979418660443,0.7249531858954369
-0.7240539529449973,-0.4860723052236084,0.6138035322244997,0.6709742653568387,-0.8626026666801461,0.5067951115916319,-1.6787246080744815
-0.8601188369148743,0.41536418738570924,0.7918235492622224,0.05763986494299039,-0.9307558099880637,-0.7362383564800838,-2.3512801863933808
0.4457993653824823,0.5083099003483695,0.8305222118657616,0.5698753338614685,0.34786748862977135,0.8176996437086479,-1.4992210082591444
0.13605703451117995,-0.18849616997252705,0.7193630890805952,-0.893643638748706,-0.4371679077567895,0.32337329248804325,-0.31522015531945746
-1.0,-0.4019188395525415,-0.9475567456861733,-1.0,-1.0,-0.9059262014452367,1.3751840881763595
1.0,0.43788979250070625,1.0,-0.23877752050808487,1.0,1.0,-4.9964416312160544
0.3083050645458593,-1.0,0.08982698477969242,-1.0,0.15712625901859967,0.37352291714847263,-0.8055906589655809
-0.507014938994491,-0.935701744113588,-1.0,-0.29519365292972966,0.8364097699008801,0.3595996979594951,-2.610968740323401
0.07154550435552343,-0.7905355760817553,0.29197661605515135,-1.0,-0.9247337239960196,-0.7545721973647451,6.947851892396585
0.24765009733278354,-0.5244659486902633,0.21804553287272502,-1.0,1.0,-0.5300594513680148,2.9089797932594896
0.8319593353499269,0.19556701287416356,0.7544336962861342,0.3864192271863145,-1.0,-1.0,7.534243169529748
0.2720877055067389,1.0,0.3514544479701882,0.0006827037172125738,1.0,1.0,4.552119496463804
1.0,1.0,1.0,1.0,0.5481243958364191,0.04004877640199773,-5.680456533414634
0.02033492895019454,1.0,1.0,-1.0,-1.0,-0.8965409789493463,-2.6041340930579997
-0.3050945860934402,-0.6409580667663333,-1.0,-0.9911650159057581,0.04448245295726638,1.0,3.0773530196738363
-1.0,-0.058532498043511016,0.7685728489242796,0.32819741199265,0.5238950531787543,1.0,-0.2537387614510671
0.4667934732358694,1.0,0.1781452788840996,0.7882008379449699,-0.5456268669664956,-0.8398331852029497,3.491528934965846
0.9335911107672475,0.21941078233076572,-0.7558285357694206,0.32702805647706346,0.38602861561868884,-0.30727261509981507,-2.3456164104096766
0.14454505582319743,-0.411438604282062,-0.15228111977129477,-0.7420688951335953,0.5732299178210853,-0.0904097910670036,-0.6173572655772808
0.2518758366478272,0.23488075053879887,-0.15342427785758728,0.38211451027441434,0.19112561344272305,-0.11965496798245912,-0.4634458483723234
1.0,1.0,0.643362950245535,-0.488744103001326,-1.0,0.14080465318072322,2.212592736823543
-0.9920298445147986,-0.36208922425094037,-0.41752595983615604,-1.0,0.6653410501141233,-0.7594978877961105,4.9263504934270985
-0.5686186205312735,-0.05438039491062585,0.39948523589547935,-1.0,0.20642195471679953,-0.4022348699473999,0.5628093544018791
-0.3947071061534365,-0.881143561247801,-0.8937045390637981,-0.15583469097016123,-0.030881281457360785,1.0,3.2699827208745167
-0.6505178111569853,-0.3012867353856925,-0.14950180361110188,-0.15910223189363676,0.5446930889587466,-0.2411603408149956,1.2382875251775933
1.0,-0.47958864809322943,-0.9896385470357371,-0.507740062567862,0.7269464984811544,0.2802573118050774,-2.4371565202407193
0.34687547702233446,-1.0,-1.0,0.43711895889266006,0.27882349603555473,-0.7726062395505767,-1.804709023151973
1.0,1.0,1.0,1.0,-0.11575604819004037,-0.7250867380429894,1.2166809895705977
-1.0,-1.0,0.3675605598007827,-0.6044527474677563,1.0,1.0,2.0370289075463752
-0.3694730536247941,-0.7668440068482256,-1.0,-0.5941101302760745,-0.6414702102818925,-0.9153236215466267,2.5640731607436753
0.8809438993486912,0.3541381969393519,-1.0,1.0,0.41147864649531946,-0.07652819672707167,-2.4434874628740126
-0.9024538816192338,0.31506570548036583,-1.0,-1.0,-0.8953403499499047,-0.6235440290619982,-0.0683318963330164
-1.0,0.5117410154268174,1.0,-0.6806768420619368,0.16949803602818325,-0.7298322916323222,-0.0785929412506586
-1.0,-0.20880963302231081,-1.0,0.46408701995735224,0.8219925000204852,0.7648997380715079,3.9867307773390457
0.3754052274520182,-0.3144850581796994,0.6323423391049998,-0.3436976843955157,1.0,1.0,-1.129480176663623
0.8628306184030123,1.0,1.0,1.0,0.1364345213874904,1.0,-5.279075907182886
0.20454325645960825,0.010453644906323833,0.6736997910977253,0.8396789107618922,-0.08580210101948377,0.8459215662345956,0.7800196261998018
-1.0,-0.5348996950323772,-1.0,-0.6098558700971408,1.0,0.20109344453110145,-2.6288732427379804
-1.0,-0.48807150593321436,-0.5556794080786804,-0.7403516245149673,0.1978716795574016,0.020681293846214616,-0.7070779928631877
-0.19327414702752377,-0.0031156363291937605,-0.28589318969384125,-0.512759917039073,-0.3683165290608039,-0.15884680313796895,-0.22585987443239403
1.0,1.0,-1.0,-0.17290514477741548,-0.9987985704782616,-0.20282511345477328,6.262254895296176
-0.21797918717921227,-0.605857553449953,-1.0,-0.4785423059588306,-0.40030914579985066,-1.0,3.637005440130567
0.4129032177775879,-1.0,1.0,-0.6062920892019079,1.0,1.0,-4.626908784666067
1.0,0.352879036343085,0.1616403604672405,-0.10734830846559049,0.45525819494839587,0.8746143243266064,-0.6012380023883812
1.0,-0.1051780463701611,0.20421557559280645,0.16433168786661778,0.06165094220928635,1.0,1.8422635534861294
-0.45322393895570645,0.24287478531659712,0.4593895494311247,0.6986108550989751,-1.0,-1.0,0.8487897242113523
-0.06769095748709991,0.782179623495916,0.8604033548414304,0.41901935944098545,0.5751639345258175,-1.0,0.33880769579396075
-1.0,-0.004036930655633125,-1.0,-1.0,1.0,1.0,9.086607814193629
0.5392101947116956,0.1648594477497921,-0.7690188667099771,-0.4780927390888921,1.0,0.20714202920713976,-1.5415269796431423
0.0853450897324799,-0.3940388871327493,-0.24412642457745648,0.5611203859731542,-0.6406533438616611,0.9578075172760986,4.452973725073339
0.01252598225900664,0.2660337126308752,0.4161889232451156,-0.41508696394042244,-0.23310777360892676,0.24950944802181552,-0.614843013911654
1.0,0.8848165375574633,0.24268312708279505,0.6396516064956443,1.0,0.4877145386188876,-2.0538298580951455
-1.0,-0.9323852638695425,-0.15053569095750974,0.4520110402349121,0.6260015072472234,0.7404035951781365,1.4864800513389484
1.0,0.00847108697951704,0.018454242151633382,0.9554542718325776,0.27423197019473533,0.27768662820308465,0.012743657538377806
0.4042160387999514,-0.13604425766671577,0.30186591469933094,-0.32921884312308836,0.5070605457854189,1.0,0.8889991603930112
-0.21718817947804647,-1.0,0.27568095060699205,-1.0,1.0,0.47818346654697286,0.897739066895825
0.11026924845839248,1.0,0.8497460460598663,0.9881918253297912,0.3880374234599319,-0.1518953744711874,-3.753387051041314
0.38746256577703503,-0.5964549022347158,-0.21724088067357328,0.5272730760569673,-0.8508424254458974,-0.7332935727629193,3.243952823094344
-0.8581617826319352,-0.4907553721269466,0.7165609984702099,0.18587920028671506,-1.0,1.0,-3.273802666187687
0.06474485239364508,0.8508691300184468,0.9827152626401486,0.08343863505596416,-0.6960759856827032,-1.0,-0.47329061221147645
1.0,-0.14923718874987513,1.0,0.8317692102783165,1.0,1.0,-6.725557059951031
-0.268074626348148,-1.0,-0.14447044479596027,-0.9013802596248628,0.7586059444600152,0.31080476360426224,-0.620134076096506
-0.6555970245412843,-0.04952569032951082,0.11273141555574939,-0.4976091394303734,-0.2832727463248384,0.10382727568996797,0.09289910981397254
1.0,0.5912031827218128,-0.17281796270369287,0.48176256922095584,1.0,0.809256253868105,-0.7830486951482079
-0.9714572372274293,-1.0,-0.29129778612573687,-1.0,-0.740687724445855,-1.0,4.609915297257878
1.0,0.6151835343844902,-0.34807814258641173,0.3137562682470465,0.7522465008343466,0.32315876168438695,-1.5291744476845635
0.14307593067597724,1.0,0.3105225634642128,0.27177181402803013,0.19613807177472675,0.2710282097204546,-1.291730818080415
-0.05680886279431574,-0.3465154011919964,-0.962987435498095,-0.5128219180213729,1.0,1.0,5.438450438707097
-0.327770863738971,0.031449325682970874,-0.8827395224521688,-1.0,0.29603234345558815,0.2321733089980822,0.09994723658420224
-0.6679721386032695,0.2307012033588265,-1.0,0.30381581693124404,0.301880788818078,-0.0779444809600821,-0.1630024505882885
1.0,1.0,0.9688819300637593,1.0,0.4309238119642489,0.19317020053518297,-5.360280064899762
0.6625477107854104,0.2263370464733588,0.413817050621252,-1.0,0.010306384641237565,-0.1174604880205935,-0.8843616568764284
-1.0,-0.8396805610018367,-1.0,-1.0,1.0,-0.5748818239237026,-1.6233500448140648
1.0,1.0,-0.08840020845946128,0.6244010792818342,-0.19761618218940707,-1.0,6.728505942382583
1.0,-0.9850497376051126,-1.0,0.5795480400539584,-0.661527448379189,-0.4136960457307874,2.316602468865802
-0.9990564687589569,-0.6586237442344575,1.0,-0.8756894473967449,0.25121854032994917,0.5902078838997797,-3.471413690907557
-0.8936424047929905,-0.4917104664800738,-1.0,-1.0,-1.0,-0.8291530435090293,2.28976462203509
1.0,0.6160908947444635,0.44276901291519655,0.9669377414875021,-0.2714168720949694,-0.5504667177199639,3.817949490506553
-1.0,-0.1909243656556836,-0.3345241573715816,-0.7386490674929191,1.0,-0.8403896599853957,5.654100631296135
-0.1444579178375962,-0.3050565696060259,-1.0,-0.04612817159713378,0.6509683043688987,0.6991111693536163,1.8970086101712442
-0.05376392205923375,-1.0,-1.0,-0.6069545116764808,-0.570006754289547,0.7961026879369315,0.7476031976611431
-1.0,0.16593798394371206,-0.2582987671066457,-0.5558302589505157,0.13645199916781564,0.8952130633286179,2.0245170813661706
0.8410362485591123,1.0,0.17853989306605866,0.28380064828138485,-0.08327752368080621,-0.8489626432463473,3.1468802460919716
-0.4865861183467828,-0.5259374498046432,-1.0,-1.0,1.0,0.97326755962354,5.022514495496178
1.0,0.321453380191985,-0.3503630204325392,0.5877105014121322,0.3575380090349679,1.0,1.971609305876111
-1.0,-0.5841165204834216,-1.0,-0.9496472950056773,-0.7351427908833943,-1.0,4.559360249309137
-0.3190018301384625,1.0,1.0,1.0,1.0,1.0,-5.810875059593173
-0.2166806758554981,-1.0,-1.0,-1.0,-0.7020607859256516,1.0,3.480472299698184
0.012738399921301075,-1.0,0.053520679808271465,0.12190629963132271,-1.0,-0.43679337421226316,1.6528713751005069
0.7489139191437715,-0.6296123973843608,-0.7180003051153978,-0.7223340346813176,-0.3098311444815727,0.5822101084799329,0.9490584992672231
0.5806823614563483,0.021406421869948067,1.0,0.6677141793161614,-1.0,-0.33268497397556307,2.420915903012919
0.1306240121542328,1.0,0.8685644105049082,1.0,-0.06693643005840322,0.38647053231291856,-3.8934571022483615
-0.2627723898652976,-1.0,0.09618390978521263,0.40857894808989204,0.7451816385180718,1.0,3.815643363208374
-1.0,-0.8898835640174017,-1.0,-0.957226175295977,-1.0,1.0,4.017622705287622
1.0,0.6351544427194655,0.6445542148628196,1.0,1.0,0.906538523680815,-2.8647812802557624
1.0,0.23366912497924797,1.0,0.6413840543910945,-0.6852110125405808,0.05449290723157866,2.021955491553817
0.05178878408116161,0.2285203844508289,0.39471494627134623,0.37946614300826564,-0.04089529346397319,1.0,2.875870673300769
0.15689449098936692,0.19418249650093022,0.28210414879190815,0.9395523006819276,-0.6627120861259361,0.4890411031276102,1.1255233054539653
-1.0,-1.0,-0.9005763216695947,-0.588922932143741,-1.0,-1.0,1.843251314473838
0.2550693014838181,1.0,0.7593887278112109,0.49923728050150373,-0.7919529670868781,-1.0,2.218863742836213
